	SampleID	SiteName	Station	Session	Date	Time	Temp	Salinity	DO	DO_sat	pH	Turbidity	TotalN	TotalP	Phosphate	Silicate	NNN	NH4	Lat	Long	QA issues or comments
1	KWP171107	Waipuilani Park	KWP	1	11/07/17	08:20	26.1	33.7	5.47	81.50	8.19	8.20	132.62	17.13	12.14	700.23	42.91	6.68	20.755056	-156.459602	
2	KKS171107	Kihei South (Lipoa)	KKS	1	11/07/17	09:05	26.8	34.7	5.97	90.50	8.22	5.17	141.30	13.44	8.81	395.31	25.26	5.24	20.747334	-156.457881	
3	KKP171107	Kalama Park	KKP	1	11/07/17	09:27	27.0	34.8	6.26	95.20	8.22	8.47	96.36	11.27	7.87	279.65	28.38	4.63	20.730973	-156.453720	
4	KCP171107	Cove Park	KCP	1	11/07/17	09:55	26.9	34.3	6.24	94.50	8.24	1.12	376.91	24.78	22.58	1017.21	224.04	31.10	20.727434	-156.450077	
5	KKO171107	Kamaole Beach I	KKO	1	11/07/17	10:23	27.7	35.0	6.44	98.70	8.27	1.00	146.98	11.93	7.35	397.99	24.47	4.70	20.721985	-156.448183	
6	KKT171107	Kamaole Beach III	KKT	1	11/07/17	10:50	28.0	35.6	6.36	98.90	8.26	1.25	154.58	11.85	7.46	193.70	7.81	7.54	20.712908	-156.446596	
7	MML171108	Makena Landing	MML	1	11/08/17	08:30	26.7	35.2	6.45	97.80	8.26	1.44	93.60	12.50	6.71	144.56	8.18	6.98	20.653913	-156.441174	
8	MMB171108	Maluaka Beach	MMB	1	11/08/17	08:52	26.9	35.4	6.43	98.10	8.28	0.62	84.92	9.60	4.72	81.36	4.39	1.90	20.645598	-156.443859	
9	MON171108	Oneuli	MON	1	11/08/17	09:27	26.8	35.5	6.07	92.50	8.19	1.15	70.62	12.35	4.68	153.48	5.54	4.61	20.639866	-156.447406	
10	MBS171108	Makena Beach Shoreline	MBS	1	11/08/17	09:57	26.7	35.4	6.55	99.50	8.26	0.72	69.05	8.83	5.35	84.66	3.04	1.14	20.630610	-156.446183	
11	KWP171121	Waipuilani Park	KWP	2	11/21/17	08:05	23.6	33.6	5.97	85.40	8.13	11.23	137.19	16.33	12.02	1010.94	76.49	4.43	20.755056	-156.459602	
12	KKS171121	Kihei South (Lipoa)	KKS	2	11/21/17	08:34	24.4	34.9	6.27	91.60	8.24	3.46	92.64	15.43	7.88	504.43	24.48	2.72	20.747334	-156.457881	
13	KKP171121	Kalama Park	KKP	2	11/21/17	09:00	23.7	34.8	6.56	94.80	8.20	3.48	125.30	14.12	7.48	503.06	50.25	6.49	20.730973	-156.453720	
14	KCP171121	Cove Park	KCP	2	11/21/17	09:20	25.3	34.2	6.41	94.70	8.17	0.96	277.25	19.96	18.25	1041.45	221.78	14.18	20.727434	-156.450077	
15	KKO171121	Kamaole Beach I	KKO	2	11/21/17	09:34	25.7	35.6	6.58	98.40	8.22	0.72	102.61	12.02	5.77	357.11	34.40	1.65	20.721985	-156.448183	
16	KKT171121	Kamaole Beach III	KKT	2	11/21/17	10:04	25.7	36.1	6.50	97.70	8.21	0.50	89.12	12.73	5.46	243.29	11.33	11.25	20.712908	-156.446596	
17	MML171122	Makena Landing	MML	2	11/22/17	08:05	25.5	36.1	6.47	96.70	8.24	0.56	154.60	15.00	6.47	101.16	3.67	4.80	20.653913	-156.441174	
18	MMB171122	Maluaka Beach	MMB	2	11/22/17	08:40	25.4	36.2	6.58	98.30	8.24	0.51	73.02	13.80	4.04	95.29	7.14	2.23	20.645598	-156.443859	
19	MON171122	Oneuli	MON	2	11/22/17	09:10	25.6	36.1	6.78	101.50	8.25	2.00	70.44	13.04	3.71	75.02	4.30	2.96	20.639866	-156.447406	
20	MBS171122	Makena Beach Shoreline	MBS	2	11/22/17	09:30	26.1	35.9	6.59	99.30	8.25	0.44	71.47	11.51	3.27	43.37	1.19	1.90	20.630610	-156.446183	
21	MAN171122	Ahihi North	MAN	2	11/22/17	10:15	25.7	36.1	7.17	107.50	8.28	0.66	96.24	10.22	4.33	77.62	2.96	5.30	20.618366	-156.437572	
22	MAS171122	Ahihi South	MAS	2	11/22/17	10:40	25.5	35.6	6.85	102.30	8.27	0.92	74.60	11.40	5.96	331.76	14.15	4.25	20.613800	-156.436853	
23	KWP171205	Waipuilani Park	KWP	3	12/05/17	08:05	23.2	33.2	6.48	91.50	8.13	7.80	200.83	18.51	13.30	1062.32	124.29	8.22	20.755056	-156.459602	
24	KKS171205	Kihei South (Lipoa)	KKS	3	12/05/17	08:40	23.7	33.7	6.33	90.70	8.15	5.76	157.45	12.52	8.91	625.32	74.50	7.35	20.747334	-156.457881	
25	KKP171205	Kalama Park	KKP	3	12/05/17	09:00	23.2	34.5	6.46	91.80	8.16	6.35	154.31	10.83	9.42	546.73	90.52	9.42	20.730973	-156.453720	
26	KCP171205	Cove Park	KCP	3	12/05/17	09:20	24.2	33.3	6.33	91.00	8.13	2.02	462.15	34.41	32.32	1802.91	382.71	46.67	20.727434	-156.450077	
27	KKO171205	Kamaole Beach I	KKO	3	12/05/17	09:40	24.3	35.2	#N/A	97.00	8.19	2.06	98.97	12.38	6.43	451.44	35.61	2.98	20.721985	-156.448183	DO QA'ed out
28	KKT171205	Kamaole Beach III	KKT	3	12/05/17	10:00	24.7	35.6	6.67	98.10	8.19	0.58	81.27	11.45	5.08	237.67	17.77	3.17	20.712908	-156.446596	
29	MML171206	Makena Landing	MML	3	12/06/17	08:05	23.9	35.4	6.62	95.40	8.18	0.53	110.74	11.61	5.56	157.70	14.35	4.18	20.653913	-156.441174	
30	MMB171206	Maluaka Beach	MMB	3	12/06/17	08:30	24.2	35.6	6.60	96.00	8.20	0.68	76.45	11.97	4.05	100.72	7.75	1.62	20.645598	-156.443859	
31	MAN171206	Ahihi North	MAN	3	12/06/17	09:05	24.2	35.5	6.88	100.10	8.12	1.22	163.36	17.73	6.07	255.56	5.08	7.24	20.618366	-156.437572	
32	MAS171206	Ahihi South	MAS	3	12/06/17	09:35	24.8	35.8	6.73	99.00	8.20	0.72	88.17	10.41	4.51	184.94	11.69	3.47	20.613800	-156.436853	
33	KWP171219	Waipuilani Park	KWP	4	12/19/17	08:13	24.5	34.4	6.47	94.40	8.08	20.20	108.77	22.16	11.94	459.97	25.84	3.46	20.755056	-156.459602	
34	KKS171219	Kihei South (Lipoa)	KKS	4	12/19/17	08:35	25.1	34.0	6.04	88.90	8.12	7.32	139.36	17.90	9.56	526.78	67.18	3.11	20.747334	-156.457881	
35	KKP171219	Kalama Park	KKP	4	12/19/17	08:50	25.0	34.4	6.44	94.80	8.14	5.28	165.91	18.29	10.28	427.28	83.34	6.20	20.730973	-156.453720	
36	KCP171219	Cove Park	KCP	4	12/19/17	09:05	25.2	32.3	6.22	90.70	8.12	3.72	482.92	39.02	32.36	1695.90	396.48	45.73	20.727434	-156.450077	
37	KKO171219	Kamaole Beach I	KKO	4	12/19/17	09:29	25.2	34.9	6.64	98.40	8.20	1.43	114.71	16.37	6.37	266.78	37.67	0.28	20.721985	-156.448183	NH4 below detectable limit
38	KKT171219	Kamaole Beach III	KKT	4	12/19/17	09:45	25.4	35.1	6.58	98.00	8.18	0.75	104.72	15.83	6.96	252.55	32.43	1.93	20.712908	-156.446596	
39	MML171220	Makena Landing	MML	4	12/20/17	08:05	24.5	35.4	6.71	98.60	8.31	1.24	84.11	14.36	5.87	139.76	9.85	1.95	20.653913	-156.441174	
40	MMB171220	Maluaka Beach	MMB	4	12/20/17	08:30	24.4	35.3	6.75	99.00	8.30	0.94	90.58	13.91	4.64	101.10	10.20	1.00	20.645598	-156.443859	
41	MON171220	Oneuli	MON	4	12/20/17	08:55	24.5	35.3	6.74	98.90	8.28	1.84	78.25	12.81	4.75	124.09	9.37	2.26	20.639866	-156.447406	
42	MBS171220	Makena Beach Shoreline	MBS	4	12/20/17	09:17	24.7	35.4	6.68	98.30	8.31	0.56	81.19	12.96	4.89	63.69	6.72	0.28	20.630610	-156.446183	NH4 below detectable limit
43	MAN171220	Ahihi North	MAN	4	12/20/17	09:36	24.4	35.2	6.37	93.40	8.17	0.78	95.27	14.43	6.59	183.88	10.48	4.06	20.618366	-156.437572	
44	MAS171220	Ahihi South	MAS	4	12/20/17	09:56	24.4	34.3	6.56	95.50	8.16	0.93	121.59	20.00	14.69	1032.62	55.08	3.48	20.613800	-156.436853	
45	KWP180109	Waipuilani Park	KWP	5	01/09/18	08:07	22.4	33.4	6.71	93.30	8.12	21.10	103.57	21.14	11.59	671.52	28.21	5.82	20.755056	-156.459602	
46	KKS180109	Kihei South (Lipoa)	KKS	5	01/09/18	08:35	23.2	33.8	6.61	93.90	8.12	8.37	125.28	15.69	8.96	617.53	43.47	4.55	20.747334	-156.457881	
47	KKP180109	Kalama Park	KKP	5	01/09/18	08:50	23.8	34.9	6.71	96.90	8.15	20.23	123.51	15.25	8.53	307.46	37.72	5.08	20.730973	-156.453720	
48	KCP180109	Cove Park	KCP	5	01/09/18	09:20	24.5	31.4	6.57	94.00	8.12	4.35	608.09	37.32	33.36	2149.95	506.57	12.62	20.727434	-156.450077	
49	KKO180109	Kamaole Beach I	KKO	5	01/09/18	09:35	25.2	35.1	#N/A	99.20	8.18	1.94	103.20	14.28	5.22	282.51	21.36	2.29	20.721985	-156.448183	DO QA'ed out
50	KKT180109	Kamaole Beach III	KKT	5	01/09/18	09:51	25.0	35.1	6.70	98.90	8.18	0.96	112.47	12.80	6.43	271.41	30.92	3.89	20.712908	-156.446596	
51	MML180110	Makena Landing	MML	5	01/10/18	07:59	23.8	34.5	6.63	95.00	8.17	1.95	120.59	13.19	5.75	302.73	40.94	4.25	20.653913	-156.441174	
52	MMB180110	Maluaka Beach	MMB	5	01/10/18	08:25	23.9	34.8	6.87	99.00	8.16	1.65	166.75	14.73	7.45	297.51	74.27	3.63	20.645598	-156.443859	
53	MON180110	Oneuli	MON	5	01/10/18	08:52	24.3	34.9	6.81	98.70	8.13	2.23	117.47	12.56	6.88	445.45	33.64	5.82	20.639866	-156.447406	
54	MBS180110	Makena Beach Shoreline	MBS	5	01/10/18	09:15	24.6	35.3	6.72	98.20	8.20	0.45	83.50	16.04	4.58	170.45	2.55	2.34	20.630610	-156.446183	
55	MAN180110	Ahihi North	MAN	5	01/10/18	09:45	24.7	35.1	7.11	104.10	8.10	0.84	94.60	15.18	5.21	246.79	5.38	5.26	20.618366	-156.437572	
56	MAS180110	Ahihi South	MAS	5	01/10/18	10:10	24.5	35.2	6.67	97.30	8.10	0.65	86.16	14.84	6.35	174.85	8.06	5.11	20.613800	-156.436853	
57	KWP180123	Waipuilani Park	KWP	6	01/23/18	07:55	23.3	35.2	6.53	93.40	8.08	24.73	109.28	21.26	8.21	298.82	14.81	12.01	20.755056	-156.459602	
58	KKS180123	Kihei South (Lipoa)	KKS	6	01/23/18	08:21	23.4	33.8	6.26	89.10	8.13	10.63	126.45	18.20	10.40	776.15	56.94	9.93	20.747334	-156.457881	
59	KKP180123	Kalama Park	KKP	6	01/23/18	08:35	23.9	35.2	6.76	97.70	8.15	11.10	124.25	14.97	9.78	317.81	46.63	8.06	20.730973	-156.453720	
60	KCP180123	Cove Park	KCP	6	01/23/18	09:00	24.4	34.0	6.70	97.10	8.13	7.94	336.09	30.08	24.77	1127.00	261.99	15.71	20.727434	-156.450077	
61	KKO180123	Kamaole Beach I	KKO	6	01/23/18	09:15	24.9	35.5	6.69	98.70	8.18	2.97	102.86	16.03	7.50	298.72	18.15	6.43	20.721985	-156.448183	
62	KKT180123	Kamaole Beach III	KKT	6	01/23/18	09:30	24.6	35.7	6.67	98.30	8.17	1.22	88.42	14.20	5.63	118.16	12.49	7.44	20.712908	-156.446596	
63	MML180124	Makena Landing	MML	6	01/24/18	08:00	24.4	35.4	6.67	99.60	8.17	1.26	120.84	13.57	6.00	159.27	23.85	11.67	20.653913	-156.441174	
64	MMB180124	Maluaka Beach	MMB	6	01/24/18	08:31	24.5	35.7	6.84	100.70	8.19	1.12	99.98	13.06	5.15	194.26	14.70	10.92	20.645598	-156.443859	
65	MON180124	Oneuli	MON	6	01/24/18	08:58	24.4	35.6	6.79	99.50	8.13	3.50	92.54	16.43	4.86	129.91	6.32	12.12	20.639866	-156.447406	
66	MBS180124	Makena Beach Shoreline	MBS	6	01/24/18	09:22	24.8	35.8	6.72	99.20	8.19	0.56	87.07	12.87	4.11	101.36	2.70	9.18	20.630610	-156.446183	
67	MAN180124	Ahihi North	MAN	6	01/24/18	09:50	24.9	35.5	7.21	106.60	8.14	0.69	93.09	12.53	4.82	147.36	4.15	15.74	20.618366	-156.437572	
68	MAS180124	Ahihi South	MAS	6	01/24/18	09:55	24.8	35.3	6.68	98.50	8.13	0.92	101.14	14.99	8.70	531.65	28.28	16.27	20.613800	-156.436853	
69	KWP180206	Waipuilani Park	KWP	7	02/06/18	07:55	23.7	34.9	6.63	95.90	8.11	33.93	131.10	12.05	10.45	251.16	23.50	8.53	20.755056	-156.459602	
70	KKS180206	Kihei South (Lipoa)	KKS	7	02/06/18	08:15	23.7	34.1	6.73	97.00	8.11	17.47	154.63	14.01	12.80	518.38	66.54	6.74	20.747334	-156.457881	
71	KKP180206	Kalama Park	KKP	7	02/06/18	08:33	24.2	35.2	6.66	97.50	8.11	15.87	132.12	11.57	8.50	169.19	38.07	6.79	20.730973	-156.453720	
72	KCP180206	Cove Park	KCP	7	02/06/18	08:49	24.2	34.3	6.80	98.60	8.14	7.92	266.39	24.63	19.40	784.37	197.31	7.70	20.727434	-156.450077	
73	KKO180206	Kamaole Beach I	KKO	7	02/06/18	09:10	24.8	35.4	6.72	99.60	8.18	6.09	120.24	11.30	7.14	167.41	19.55	5.00	20.721985	-156.448183	
74	KKT180206	Kamaole Beach III	KKT	7	02/06/18	09:23	24.7	35.4	6.71	99.30	8.18	3.09	119.11	11.10	5.92	130.62	21.13	3.13	20.712908	-156.446596	
75	MML180207	Makena Landing	MML	7	02/07/18	08:00	24.4	34.4	6.72	98.10	8.16	1.17	137.82	10.85	5.61	257.12	47.45	3.63	20.653913	-156.441174	
76	MMB180207	Maluaka Beach	MMB	7	02/07/18	08:25	24.4	35.0	6.82	100.10	8.16	2.07	142.74	11.00	7.66	222.63	54.17	3.35	20.645598	-156.443859	
77	MON180207	Oneuli	MON	7	02/07/18	08:45	24.5	35.1	6.85	100.70	8.14	5.88	107.56	9.88	6.64	306.42	22.72	3.53	20.639866	-156.447406	
78	MBS180207	Makena Beach Shoreline	MBS	7	02/07/18	09:05	24.9	35.4	6.74	99.80	8.20	0.42	97.84	9.42	4.75	52.96	7.05	1.38	20.630610	-156.446183	
79	MAN180207	Ahihi North	MAN	7	02/07/18	09:25	24.6	35.1	6.95	102.30	8.10	1.38	91.34	13.46	5.74	189.24	7.93	3.54	20.618366	-156.437572	
80	MAS180207	Ahihi South	MAS	7	02/07/18	09:35	25.0	35.1	6.68	99.10	8.13	1.47	110.56	15.63	9.68	460.30	31.14	6.57	20.613800	-156.436853	
81	KWP180220	Waipuilani Park	KWP	8	02/20/18	07:54	22.5	33.6	6.68	93.50	8.08	27.73	102.19	16.02	12.48	769.91	31.07	3.74	20.755056	-156.459602	
82	KKS180220	Kihei South (Lipoa)	KKS	8	02/20/18	08:20	24.0	33.9	6.50	93.60	8.14	9.87	110.65	14.56	9.06	587.36	50.16	4.42	20.747334	-156.457881	
83	KKP180220	Kalama Park	KKP	8	02/20/18	08:42	23.8	34.5	6.77	97.50	8.17	8.07	92.51	15.12	7.61	350.62	34.09	3.29	20.730973	-156.453720	
84	KCP180220	Cove Park	KCP	8	02/20/18	09:01	24.7	33.5	6.47	94.00	8.13	1.69	322.86	27.59	21.98	1147.55	296.94	6.73	20.727434	-156.450077	
85	KKO180220	Kamaole Beach I	KKO	8	02/20/18	09:14	24.9	35.4	6.88	101.40	8.18	2.57	79.81	17.50	5.14	259.39	25.09	1.25	20.721985	-156.448183	
86	KKT180220	Kamaole Beach III	KKT	8	02/20/18	09:36	24.9	35.4	6.66	98.60	8.17	0.94	110.05	16.96	6.30	297.45	55.76	2.54	20.712908	-156.446596	
87	MML180221	Makena Landing	MML	8	02/21/18	08:00	24.2	35.4	6.75	98.20	8.16	2.87	91.87	17.88	7.14	267.44	21.07	2.29	20.653913	-156.441174	
88	MMB180221	Maluaka Beach	MMB	8	02/21/18	08:30	24.2	35.3	6.88	100.30	8.17	1.58	121.27	17.59	6.87	299.93	68.67	1.96	20.645598	-156.443859	
89	MON180221	Oneuli	MON	8	02/21/18	08:56	24.5	35.7	6.72	98.60	8.13	3.30	70.69	12.93	4.59	159.15	9.28	2.94	20.639866	-156.447406	
90	MBS180221	Makena Beach Shoreline	MBS	8	02/21/18	09:15	24.7	35.8	6.79	100.10	8.18	0.48	73.80	12.24	4.28	68.74	3.31	2.16	20.630610	-156.446183	
91	MAN180221	Ahihi North	MAN	8	02/21/18	10:06	24.9	35.3	7.56	111.80	8.11	1.06	77.76	13.16	6.60	405.53	9.18	3.76	20.618366	-156.437572	
92	MAS180221	Ahihi South	MAS	8	02/21/18	10:08	25.3	35.6	6.64	98.70	8.12	1.12	83.18	12.99	7.78	319.46	15.31	6.27	20.613800	-156.436853	
93	NHP180222	Haycraft Park	NHP	8	02/22/18	08:30	24.4	34.7	6.70	97.50	8.14	6.05	210.91	12.90	7.42	630.72	161.75	2.48	20.796414	-156.503198	
94	NKP180222	Kealia Pond	NKP	8	02/22/18	09:00	24.4	35.7	6.84	100.00	8.18	3.75	70.18	12.01	5.86	106.96	3.10	3.62	20.794936	-156.485587	
95	NSB180222	Sugar Beach	NSB	8	02/22/18	09:25	24.6	35.5	6.78	99.30	8.17	6.53	87.06	12.34	6.54	215.83	21.53	3.45	20.784204	-156.466463	
96	NKC180222	Kihei Canoe Club	NKC	8	02/22/18	09:48	24.8	34.9	6.72	98.50	8.14	3.41	240.51	17.56	7.48	477.13	200.69	12.50	20.781403	-156.463176	
97	NMP180222	Mai Poina 'Oe Ia'u	NMP	8	02/22/18	10:00	24.7	34.3	6.65	97.10	8.14	4.69	197.41	30.35	8.74	1015.97	162.50	3.40	20.774894	-156.460776	
98	NKN180222	Kalepolepo North	NKN	8	02/22/18	10:21	24.7	33.1	6.55	95.02	8.14	14.63	242.92	19.61	14.73	1369.24	163.13	7.29	20.765132	-156.459344	
99	WKD180223	Kilohana Dr	WKD	8	02/23/18	08:05	24.3	35.7	6.87	100.50	8.18	0.71	70.55	16.58	5.18	120.62	12.30	2.37	20.702214	-156.445921	
100	WKB180223	Keawekapu Beach	WKB	8	02/23/18	08:42	24.6	35.6	6.87	100.90	8.16	0.94	105.06	17.88	5.90	161.48	27.42	4.47	20.695939	-156.444632	
101	WUL180223	Ulua Beach	WUL	8	02/23/18	09:15	24.9	35.3	6.92	102.10	8.16	1.56	155.78	13.60	7.05	235.38	98.54	4.75	20.691120	-156.444201	
102	WWA180223	Wailea Beach	WWA	8	02/23/18	09:47	24.9	35.7	6.90	101.90	8.17	1.60	131.49	14.44	8.45	251.43	26.54	5.30	20.681560	-156.443524	
103	WPL180223	Palauea	WPL	8	02/23/18	10:19	24.7	35.7	6.91	101.50	8.17	2.12	100.16	12.46	6.39	184.41	46.45	3.02	20.669565	-156.442907	
104	WPO180223	Poolenalena (Chang's Beach)	WPO	8	02/23/18	10:40	24.9	35.6	6.90	101.70	8.20	0.64							20.663390	-156.441968	nutrient samples not taken
105	KWP180306	Waipuilani Park	KWP	9	03/06/18	07:56	21.4	31.9	6.83	93.30	8.09	25.73	171.07	18.85	14.73	1271.72	104.72	1.34	20.755056	-156.459602	
106	KKS180306	Kihei South (Lipoa)	KKS	9	03/06/18	08:15	23.4	32.9	6.22	87.90	8.13	7.49	178.07	17.21	12.59	1112.03	119.55	2.35	20.747334	-156.457881	
107	KKP180306	Kalama Park	KKP	9	03/06/18	08:33	23.5	34.6	6.79	97.20	8.16	9.93	138.86	16.80	10.11	444.57	78.98	0.93	20.730973	-156.453720	
108	KCP180306	Cove Park	KCP	9	03/06/18	08:51	24.4	33.3	6.50	93.80	8.14	3.27	399.21	32.22	25.78	1268.50	372.38	7.78	20.727434	-156.450077	
109	KKO180306	Kamaole Beach I	KKO	9	03/06/18	09:10	24.8	35.0	6.77	99.20	8.19	0.91	117.26	15.69	7.93	322.34	36.25	1.16	20.721985	-156.448183	
110	KKT180306	Kamaole Beach III	KKT	9	03/06/18	09:30	24.7	34.9	6.76	99.10	8.18	0.75	65.47	11.54	5.70	265.66	44.26	1.12	20.712908	-156.446596	
111	MML180307	Makena Landing	MML	9	03/07/18	08:13	23.7	35.1	6.71	96.70	8.16	1.82	93.33	14.97	7.83	261.18	29.15	1.12	20.653913	-156.441174	
112	MMB180307	Maluaka Beach	MMB	9	03/07/18	08:30	23.8	34.7	6.84	98.60	8.18	0.91	137.96	13.14	6.66	315.93	77.50	0.28	20.645598	-156.443859	NH4 below detectable limit
113	MON180307	Oneuli	MON	9	03/07/18	08:58	23.9	35.6	6.81	98.70	8.14	2.11	87.83	10.76	4.95	166.22	12.04	1.86	20.639866	-156.447406	
114	MBS180307	Makena Beach Shoreline	MBS	9	03/07/18	09:19	24.3	35.7	6.80	99.50	8.20	0.36	75.53	9.44	4.19	49.64	4.05	0.28	20.630610	-156.446183	NH4 below detectable limit
115	MAN180307	Ahihi North	MAN	9	03/07/18	09:50	24.6	35.4	7.55	110.80	8.16	0.73	96.16	12.27	6.74	245.48	7.39	2.32	20.618366	-156.437572	
116	MAS180307	Ahihi South	MAS	9	03/07/18	09:55	23.9	34.8	6.78	98.50	8.08	0.86	99.49	15.20	10.17	730.47	32.41	1.27	20.613800	-156.436853	
117	NHP180308	Haycraft Park	NHP	9	03/08/18	08:06	22.9	34.5	6.79	96.10	8.14	5.55	185.52	15.12	8.25	500.50	130.80	1.39	20.796414	-156.503198	
118	NKP180308	Kealia Pond	NKP	9	03/08/18	08:30	23.0	35.7	6.92	98.50	8.19	1.10	80.30	10.65	5.22	62.41	5.03	1.14	20.794936	-156.485587	
119	NSB180308	Sugar Beach	NSB	9	03/08/18	08:50	23.6	35.3	6.88	98.00	8.17	1.75	118.64	13.56	6.50	235.87	36.61	2.01	20.784204	-156.466463	
120	NKC180308	Kihei Canoe Club	NKC	9	03/08/18	09:10	23.9	35.1	6.72	96.90	8.15	1.76	212.17	13.86	6.64	335.36	160.63	2.99	20.781403	-156.463176	
121	NMP180308	Mai Poina 'Oe Ia'u	NMP	9	03/08/18	09:27	23.3	34.0	6.71	95.80	8.13	3.85	261.65	14.43	9.05	1161.33	216.49	1.08	20.774894	-156.460776	
122	NKN180308	Kalepolepo North	NKN	9	03/08/18	09:47	23.3	32.1	6.96	97.70	8.16	5.16	303.37	21.50	16.78	1942.43	267.13	1.74	20.765132	-156.459344	
123	WKD180309	Kilohana Dr	WKD	9	03/09/18	07:57	22.1	35.3	7.00	98.00	8.18	0.61	92.24	10.21	5.75	172.09	21.16	0.30	20.702214	-156.445921	
124	WKB180309	Keawekapu Beach	WKB	9	03/09/18	08:20	22.3	34.8	6.94	97.20	8.17	1.19	132.21	13.50	6.05	318.69	67.06	1.30	20.695939	-156.444632	
125	WUL180309	Ulua Beach	WUL	9	03/09/18	08:37	22.7	34.6	6.93	97.60	8.15	1.19	223.55	14.69	7.32	341.64	179.43	1.56	20.691120	-156.444201	
126	WWA180309	Wailea Beach	WWA	9	03/09/18	09:13	22.8	35.3	6.93	98.30	8.18	0.95	89.53	13.95	6.34	264.44	20.81	0.28	20.681560	-156.443524	NH4 below detectable limit
127	WPL180309	Palauea	WPL	9	03/09/18	09:36	22.7	35.4	6.88	97.60	8.17	1.10	107.20	10.41	5.32	169.10	42.11	0.44	20.669565	-156.442907	
128	WPO180309	Poolenalena (Chang's Beach)	WPO	9	03/09/18	10:00	23.6	35.2	6.91	99.40	8.20	0.34	160.97	12.12	5.58	295.35	101.67	0.62	20.663390	-156.441968	
129	KWP180320	Waipuilani Park	KWP	10	03/20/18	07:53	22.2	32.5	6.34	87.90	8.06	8.93	138.80	14.21	10.82	751.43	55.64	3.23	20.755056	-156.459602	
130	KKS180320	Kihei South (Lipoa)	KKS	10	03/20/18	08:16	23.8	33.7	6.15	88.50	8.16	3.15	162.53	12.00	8.56	627.14	86.02	2.49	20.747334	-156.457881	
131	KKP180320	Kalama Park	KKP	10	03/20/18	08:45	23.8	33.8	5.99	86.20	8.13	3.64	108.88	8.90	8.15	351.16	26.71	4.52	20.730973	-156.453720	
132	KCP180320	Cove Park	KCP	10	03/20/18	08:58	24.7	32.7	6.28	91.20	8.14	1.57	434.13	27.80	26.63	1355.10	424.19	9.26	20.727434	-156.450077	
133	KKO180320	Kamaole Beach I	KKO	10	03/20/18	09:17	24.8	34.3	6.61	97.30	8.19	1.12	117.39	9.61	6.00	314.10	38.48	0.85	20.721985	-156.448183	
134	KKT180320	Kamaole Beach III	KKT	10	03/20/18	09:40	24.6	34.4	6.47	95.00	8.17	0.77	141.72	9.02	7.05	343.02	77.22	1.59	20.712908	-156.446596	
135	MML180321	Makena Landing	MML	10	03/21/18	08:00	24.1	34.5	6.82	98.70	8.17	1.98	124.09	11.03	7.23	235.21	28.84	2.78	20.653913	-156.441174	
136	MMB180321	Maluaka Beach	MMB	10	03/21/18	08:25	24.3	35.0	6.74	98.40	8.19	0.71	71.45	7.87	4.83	80.08	7.27	0.52	20.645598	-156.443859	
137	MON180321	Oneuli	MON	10	03/21/18	08:47	24.2	34.3	6.73	97.60	8.15	2.32	69.89	6.63	5.19	127.73	7.88	2.01	20.639866	-156.447406	
138	MBS180321	Makena Beach Shoreline	MBS	10	03/21/18	09:09	24.3	35.0	6.76	98.60	8.20	0.37	70.67	9.68	5.12	45.32	2.74	1.87	20.630610	-156.446183	
139	MAN180321	Ahihi North	MAN	10	03/21/18	09:40	24.4	34.8	7.28	106.30	8.17	1.58	91.51	9.19	7.15	248.23	12.27	3.13	20.618366	-156.437572	
140	MAS180321	Ahihi South	MAS	10	03/21/18	09:45	24.6	34.0	6.67	97.30	8.10	1.25	111.70	14.28	13.94	898.10	44.11	3.02	20.613800	-156.436853	
141	NHP180322	Haycraft Park	NHP	10	03/22/18	08:20	23.7	34.3	6.86	98.50	8.16	5.92	171.57	20.87	8.01	406.87	106.49	1.48	20.796414	-156.503198	
142	NKP180322	Kealia Pond	NKP	10	03/22/18	08:43	23.9	34.8	6.84	98.90	8.21	4.33	93.90	9.72	7.26	83.06	4.61	1.83	20.794936	-156.485587	
143	NSB180322	Sugar Beach	NSB	10	03/22/18	09:10	24.6	34.7	6.83	100.00	8.20	3.29	88.35	10.49	7.01	176.60	15.45	2.25	20.784204	-156.466463	
144	NKC180322	Kihei Canoe Club	NKC	10	03/22/18	09:25	24.7	34.3	6.80	99.50	8.19	4.09	228.08	14.19	7.36	290.94	150.95	5.45	20.781403	-156.463176	
145	NMP180322	Mai Poina 'Oe Ia'u	NMP	10	03/22/18	09:45	24.6	32.9	6.85	99.00	8.16	3.34	335.84	13.64	11.85	1565.70	318.71	1.49	20.774894	-156.460776	
146	NKN180322	Kalepolepo North	NKN	10	03/22/18	10:00	24.3	31.4	6.95	99.20	8.20	4.45	294.43	15.43	14.31	1752.77	270.08	2.57	20.765132	-156.459344	
147	WKD180323	Kilohana Dr	WKD	10	03/23/18	08:05	24.3	34.4	6.79	98.50	8.17	1.00	100.80	7.98	7.08	203.54	33.61	2.49	20.702214	-156.445921	
148	WKB180323	Keawekapu Beach	WKB	10	03/23/18	08:20	24.7	34.9	6.85	100.10	8.20	0.35	78.02	7.53	4.14	76.69	9.46	3.40	20.695939	-156.444632	
149	WUL180323	Ulua Beach	WUL	10	03/23/18	08:45	24.8	34.4	6.77	99.20	8.15	1.44	168.27	10.16	8.07	259.90	112.75	2.58	20.691120	-156.444201	
150	WWA180323	Wailea Beach	WWA	10	03/23/18	09:10	24.9	34.6	6.78	99.50	8.20	0.62	103.80	9.62	7.38	188.70	30.35	1.95	20.681560	-156.443524	
151	WPO180323	Poolenalena (Chang's Beach)	WPO	10	03/23/18	09:30	25.3	34.7	6.88	101.80	8.22	0.61	100.01	6.43	6.39	143.06	34.31	0.28	20.663390	-156.441968	NH4 below detectable limit
152	WPL180323	Palauea	WPL	10	03/23/18	09:50	25.6	34.7	6.77	100.60	8.21	0.79	113.78	7.45	6.41	162.00	56.14	2.03	20.669565	-156.442907	
153	KWP180403	Waipuilani Park	KWP	11	04/03/18	08:00	25.2	33.9	6.40	94.60	8.08	13.50	92.08	11.27	9.18	443.25	13.26	2.66	20.755056	-156.459602	
154	KKS180403	Kihei South (Lipoa)	KKS	11	04/03/18	08:24	25.2	32.6	6.35	93.10	8.10	6.48	207.85	16.07	13.49	1091.70	143.32	3.71	20.747334	-156.457881	
155	KKP180403	Kalama Park	KKP	11	04/03/18	08:41	25.5	34.4	6.66	99.00	8.16	5.72	118.76	11.39	8.38	344.40	49.27	2.56	20.730973	-156.453720	
156	KCP180403	Cove Park	KCP	11	04/03/18	09:02	25.8	31.7	6.67	98.20	8.13	2.77	687.67	43.67	36.92	2280.32	658.96	10.49	20.727434	-156.450077	
157	KKO180403	Kamaole Beach I	KKO	11	04/03/18	09:23	26.3	34.3	6.62	99.30	8.18	1.34	118.86	11.41	6.87	333.38	50.83	0.57	20.721985	-156.448183	
158	KKT180403	Kamaole Beach III	KKT	11	04/03/18	09:44	25.8	34.5	6.59	98.80	8.17	1.49	163.01	9.43	6.58	337.31	78.31	2.01	20.712908	-156.446596	
159	MML180404	Makena Landing	MML	11	04/04/18	08:05	25.2	34.7	6.64	98.50	8.15	2.75	138.80	9.60	7.79	313.37	50.04	3.74	20.653913	-156.441174	
160	MMB180404	Maluaka Beach	MMB	11	04/04/18	08:35	25.3	34.7	6.65	98.80	8.14	0.50	144.60	8.87	6.20	310.61	76.64	2.19	20.645598	-156.443859	
161	MBS180404	Makena Beach Shoreline	MBS	11	04/04/18	09:00	25.0	35.3	6.75	100.10	8.19	0.47	68.94	7.92	4.31	38.82	3.71	0.28	20.630610	-156.446183	NH4 below detectable limit
162	NHP180405	Haycraft Park	NHP	11	04/05/18	08:13	25.4	32.7	6.53	95.50	8.04	5.99	375.65	14.02	11.25	1182.56	333.72	5.56	20.796414	-156.503198	
163	NKP180405	Kealia Pond	NKP	11	04/05/18	08:42	25.7	33.9	6.74	99.80	8.14	5.76	173.69	8.36	7.60	539.69	99.33	5.39	20.794936	-156.485587	
164	NSB180405	Sugar Beach	NSB	11	04/05/18	09:00	26.0	34.3	6.67	99.60	8.14	5.75	169.53	10.49	8.66	566.38	104.10	2.62	20.784204	-156.466463	
165	NKC180405	Kihei Canoe Club	NKC	11	04/05/18	09:22	26.3	34.0	6.69	100.30	8.15	5.71	218.65	13.38	9.32	718.47	158.50	1.99	20.781403	-156.463176	
166	NMP180405	Mai Poina 'Oe Ia'u	NMP	11	04/05/18	09:35	26.8	32.8	6.61	99.30	8.12	28.30	248.83	13.91	12.08	1451.92	180.88	3.65	20.774894	-156.460776	
167	NKN180405	Kalepolepo North	NKN	11	04/05/18	09:51	27.0	32.5	6.32	95.00	8.12	33.07	205.07	13.98	12.65	1290.13	127.92	5.45	20.765132	-156.459344	
168	WKD180406	Kilohana Dr	WKD	11	04/06/18	07:55	25.6	35.0	6.75	100.30	8.18	0.74	97.92	8.26	5.33	120.84	19.57	0.62	20.702214	-156.445921	
169	WKB180406	Keawekapu Beach	WKB	11	04/06/18	08:20	25.7	35.1	6.72	100.10	8.18	0.61	95.19	7.73	5.42	144.31	24.75	0.41	20.695939	-156.444632	
170	WUL180406	Ulua Beach	WUL	11	04/06/18	08:45	25.7	34.9	6.77	100.80	8.17	0.68	166.64	7.69	6.37	241.29	98.74	2.76	20.691120	-156.444201	
171	WWA180406	Wailea Beach	WWA	11	04/06/18	09:08	26.1	35.2	6.70	100.60	8.19	0.50	73.04	7.45	4.80	82.83	7.21	0.28	20.681560	-156.443524	NH4 below detectable limit
172	WPL180406	Palauea	WPL	11	04/06/18	09:32	26.1	35.1	6.72	100.70	8.18	1.35	101.68	8.44	6.01	129.11	32.85	1.03	20.669565	-156.442907	
173	WPO180406	Poolenalena (Chang's Beach)	WPO	11	04/06/18	09:52	26.1	35.0	6.76	101.40	8.20	0.53	100.15	8.07	5.81	128.56	32.51	1.04	20.663390	-156.441968	
174	KWP180417	Waipuilani Park	KWP	12	04/17/18	08:02	24.8	33.4	6.38	92.60	8.06	11.47	118.41	11.17	9.68	598.66	13.82	3.84	20.755056	-156.459602	
175	KKS180417	Kihei South (Lipoa)	KKS	12	04/17/18	08:18	25.4	32.6	6.15	89.80	8.09	9.17	174.74	11.48	9.90	886.34	88.61	2.09	20.747334	-156.457881	
176	KKP180417	Kalama Park	KKP	12	04/17/18	08:37	25.5	34.7	6.68	98.90	8.17	9.15	103.26	10.19	5.88	207.65	24.14	0.99	20.730973	-156.453720	
177	KCP180417	Cove Park	KCP	12	04/17/18	08:57	25.9	32.3	6.70	98.50	8.15	4.17	602.55	33.46	29.81	1742.07	565.72	4.80	20.727434	-156.450077	
178	KKO180417	Kamaole Beach I	KKO	12	04/17/18	09:13	25.9	34.2	6.66	98.90	8.18	1.37	199.53	10.43	6.10	375.58	48.97	1.87	20.721985	-156.448183	
179	KKT180417	Kamaole Beach III	KKT	12	04/17/18	09:33	25.6	34.1	6.70	99.30	8.17	1.44	161.62	13.30	6.40	395.00	71.10	1.80	20.712908	-156.446596	
180	MML180418	Makena Landing	MML	12	04/18/18	08:00	25.3	34.6	6.62	97.90	8.16	1.30	112.79	10.45	5.59	270.43	35.06	1.84	20.653913	-156.441174	
181	MMB180418	Maluaka Beach	MMB	12	04/18/18	08:26	25.6	34.4	6.68	99.20	8.18	0.71	118.82	10.03	3.84	190.01	41.59	0.28	20.645598	-156.443859	NH4 below detectable limit
182	MON180418	Oneuli	MON	12	04/18/18	08:45	25.5	33.7	6.69	98.90	8.10	1.33	170.42	12.35	9.70	977.80	100.24	1.42	20.639866	-156.447406	
183	MBS180418	Makena Beach Shoreline	MBS	12	04/18/18	09:10	25.5	35.1	6.69	99.80	8.20	0.58	81.58	8.97	3.88	50.02	2.63	0.28	20.630610	-156.446183	NH4 below detectable limit
184	NHP180419	Haycraft Park	NHP	12	04/19/18	08:10	24.8	34.6	6.76	99.20	8.14	2.66	128.36	7.29	5.87	334.67	53.19	1.71	20.796414	-156.503198	
185	NKP180419	Kealia Pond	NKP	12	04/19/18	08:40	24.8	35.0	6.74	98.90	8.18	3.18	80.79	7.64	5.17	106.11	3.99	1.08	20.794936	-156.485587	
186	NSB180419	Sugar Beach	NSB	12	04/19/18	09:05	25.4	34.7	6.65	98.50	8.16	3.90	106.74	9.17	6.95	247.79	33.70	2.55	20.784204	-156.466463	
187	NKC180419	Kihei Canoe Club	NKC	12	04/19/18	09:20	25.8	34.2	6.68	99.30	8.15	2.66	250.70	10.35	7.21	417.57	183.46	1.32	20.781403	-156.463176	
188	NMP180419	Mai Poina 'Oe Ia'u	NMP	12	04/19/18	09:40	25.5	33.2	6.60	97.20	8.13	3.17	327.26	11.02	9.74	1339.02	277.08	3.16	20.774894	-156.460776	
189	NKN180419	Kalepolepo North	NKN	12	04/19/18	10:00	25.6	30.1	6.84	99.10	8.16	11.23	399.66	18.81	15.76	2329.65	351.04	4.00	20.765132	-156.459344	
190	WKD180420	Kilohana Dr	WKD	12	04/20/18	07:57	25.5	34.7	6.67	98.90	8.17	1.06	110.73	9.32	5.06	125.34	17.15	1.02	20.702214	-156.445921	
191	WKB180420	Keawekapu Beach	WKB	12	04/20/18	08:23	25.7	35.0	6.69	99.60	8.19	0.87	199.01	9.15	4.70	86.40	7.42	6.94	20.695939	-156.444632	
192	WUL180420	Ulua Beach	WUL	12	04/20/18	08:42	25.6	34.2	6.71	99.50	8.15	1.17	196.58	8.12	5.46	226.95	123.73	2.39	20.691120	-156.444201	
193	WWA180420	Wailea Beach	WWA	12	04/20/18	08:55	25.6	34.7	6.71	99.80	8.19	1.05	125.74	9.25	5.26	199.90	24.68	3.80	20.681560	-156.443524	
194	WPL180420	Palauea	WPL	12	04/20/18	09:30	25.7	34.7	6.68	99.60	8.18	0.97	169.78	12.67	5.10	143.73	49.15	3.96	20.669565	-156.442907	
195	WPO180420	Poolenalena (Chang's Beach)	WPO	12	04/20/18	09:48	26.1	34.7	6.72	100.80	8.21	0.54	169.67	9.22	4.15	172.83	56.90	1.68	20.663390	-156.441968	
196	KWP180501	Waipuilani Park	KWP	13	05/01/18	07:57	23.4	32.3	6.25	88.00	8.07	6.93	114.91	11.27	9.72	810.92	10.14	3.21	20.755056	-156.459602	
197	KKS180501	Kihei South (Lipoa)	KKS	13	05/01/18	08:20	24.7	33.7	5.94	86.40	8.13	9.81	143.94	8.16	6.92	543.10	51.05	2.85	20.747334	-156.457881	
198	KKP180501	Kalama Park	KKP	13	05/01/18	08:38	24.8	34.8	6.80	99.60	8.19	3.28	106.02	14.30	5.75	188.89	20.93	2.28	20.730973	-156.453720	
199	KCP180501	Cove Park	KCP	13	05/01/18	08:54	25.1	32.9	6.82	99.40	8.17	2.33	460.56	27.92	23.51	1351.63	414.65	5.78	20.727434	-156.450077	
200	KKO180501	Kamaole Beach I	KKO	13	05/01/18	09:09	25.3	34.0	6.74	99.10	8.20	2.38	147.85	11.51	7.12	476.56	63.92	1.29	20.721985	-156.448183	
201	KKT180501	Kamaole Beach III	KKT	13	05/01/18	09:28	25.0	34.1	6.76	99.00	8.18	0.77	131.39	10.33	7.06	372.56	54.66	2.45	20.712908	-156.446596	
202	MML180502	Makena Landing	MML	13	05/02/18	08:15	25.1	34.8	6.64	97.80	8.18	1.07	115.78	11.68	7.29	300.59	31.54	2.68	20.653913	-156.441174	
203	MMB180502	Maluaka Beach	MMB	13	05/02/18	08:40	25.3	34.1	6.63	97.50	8.15	1.10	243.07	9.92	8.11	614.21	166.35	2.03	20.645598	-156.443859	
204	MON180502	Oneuli	MON	13	05/02/18	08:50	25.3	34.1	6.67	98.10	8.10	1.41	151.20	13.70	12.09	881.82	87.80	2.19	20.639866	-156.447406	
205	MBS180502	Makena Beach Shoreline	MBS	13	05/02/18	09:15	25.4	35.5	6.73	100.00	8.19	0.77	76.55	8.51	5.45	67.06	1.83	1.29	20.630610	-156.446183	
206	MAN180502	Ahihi North	MAN	13	05/02/18	09:33	26.0	35.0	7.28	109.10	8.14	1.70	77.68	7.51	6.57	272.75	5.39	2.50	20.618366	-156.437572	
207	MAS180502	Ahihi South	MAS	13	05/02/18	09:40	25.8	34.4	6.50	96.70	8.08	1.65	137.08	19.77	18.06	1475.00	68.89	2.16	20.613800	-156.436853	
208	NHP180503	Haycraft Park	NHP	13	05/03/18	08:20	25.7	34.4	6.78	100.60	8.14	7.73	202.15	10.60	7.41	511.28	106.00	2.90	20.796414	-156.503198	
209	NKP180503	Kealia Pond	NKP	13	05/03/18	08:55	25.6	35.6	6.69	99.60	8.18	1.21	71.14	8.24	5.36	61.85	1.11	1.54	20.794936	-156.485587	
210	NSB180503	Sugar Beach	NSB	13	05/03/18	09:20	25.8	35.0	6.67	99.50	8.16	4.39	132.64	10.46	7.20	270.60	30.10	4.93	20.784204	-156.466463	
211	NKC180503	Kihei Canoe Club	NKC	13	05/03/18	09:33	25.9	34.3	6.67	99.20	8.15	1.81	329.95	10.85	8.66	716.15	316.55	2.15	20.781403	-156.463176	
212	NMP180503	Mai Poina 'Oe Ia'u	NMP	13	05/03/18	09:55	26.2	32.3	6.72	99.30	8.11	6.00	542.27	15.47	14.31	2209.98	457.18	2.27	20.774894	-156.460776	
213	NKN180503	Kalepolepo North	NKN	13	05/03/18	10:15	26.6	29.9	6.74	99.30	8.18	3.41	534.07	20.22	18.46	2872.71	436.64	2.71	20.765132	-156.459344	
214	WKD180504	Kilohana Dr	WKD	13	05/04/18	08:10	25.4	35.2	6.59	97.90	8.18	0.57	108.51	13.08	5.33	171.91	24.23	1.29	20.702214	-156.445921	
215	WKB180504	Keawekapu Beach	WKB	13	05/04/18	08:30	25.7	35.3	6.68	99.60	8.18	0.59	103.93	9.10	4.41	111.82	9.44	3.14	20.695939	-156.444632	
216	WUL180504	Ulua Beach	WUL	13	05/04/18	08:38	25.9	34.8	6.47	96.70	8.15	1.63	197.99	9.88	5.80	210.91	104.29	2.33	20.691120	-156.444201	
217	WWA180504	Wailea Beach	WWA	13	05/04/18	09:05	26.1	35.1	6.64	99.70	8.19	0.81	115.35	10.40	6.15	180.13	24.25	1.86	20.681560	-156.443524	
218	WPL180504	Palauea	WPL	13	05/04/18	09:30	26.0	35.0	6.68	100.10	8.20	0.95	133.60	9.10	4.44	159.49	56.66	2.33	20.669565	-156.442907	
219	WPO180504	Poolenalena (Chang's Beach)	WPO	13	05/04/18	09:45	26.0	35.0	6.67	99.90	8.21	0.39	105.46	8.26	4.78	135.98	38.49	1.29	20.663390	-156.441968	
220	KWP180515	Waipuilani Park	KWP	14	05/15/18	07:45	24.3	33.0	5.93	85.50	8.01	5.60	139.44	13.82	8.57	533.87	22.54	5.18	20.755056	-156.459602	
221	KKS180515	Kihei South (Lipoa)	KKS	14	05/15/18	08:07	25.5	32.3	5.63	87.50	8.08	5.78	192.06	12.37	8.65	936.06	95.76	3.43	20.747334	-156.457881	
222	KKP180515	Kalama Park	KKP	14	05/15/18	08:27	25.4	34.2	6.85	101.30	8.15	5.83	140.31	14.98	7.00	358.41	45.89	3.40	20.730973	-156.453720	
223	KCP180515	Cove Park	KCP	14	05/15/18	08:44	26.0	32.0	7.01	103.40	8.15	2.08	346.50	31.68	25.54	1581.70	445.89	5.54	20.727434	-156.450077	
224	KKO180515	Kamaole Beach I	KKO	14	05/15/18	09:00	26.2	33.8	6.66	99.70	8.17	1.05	154.10	14.05	7.56	476.12	61.57	2.47	20.721985	-156.448183	
225	KKT180515	Kamaole Beach III	KKT	14	05/15/18	09:23	25.6	34.3	6.70	99.50	8.16	1.21	139.89	12.04	8.01	370.21	57.43	1.29	20.712908	-156.446596	
226	MML180516	Makena Landing	MML	14	05/16/18	07:50	25.2	33.9	6.82	100.20	8.15	3.69	142.93	14.58	10.55	506.37	55.93	5.61	20.653913	-156.441174	
227	MMB180516	Maluaka Beach	MMB	14	05/16/18	08:20	25.6	34.1	6.57	97.40	8.14	1.10	222.45	16.22	9.01	545.40	132.40	4.93	20.645598	-156.443859	
228	MON180516	Oneuli	MON	14	05/16/18	08:40	26.1	34.0	6.43	96.00	8.09	1.89	223.43	20.88	18.29	1432.59	145.27	2.64	20.639866	-156.447406	
229	MAN180516	Ahihi North	MAN	14	05/16/18	09:26	26.0	34.7	7.41	111.10	8.14	2.35	91.61	14.37	7.82	301.02	9.71	2.49	20.618366	-156.437572	
230	MAS180516	Ahihi South	MAS	14	05/16/18	09:46	26.5	33.8	6.46	97.20	8.05	1.66	158.82	22.87	19.35	1233.40	64.92	7.69	20.613800	-156.436853	
231	NHP180517	Haycraft Park	NHP	14	05/17/18	08:15	25.5	34.1	6.69	98.70	8.13	5.22	220.20	15.63	9.37	534.17	139.31	2.61	20.796414	-156.503198	
232	NKP180517	Kealia Pond	NKP	14	05/17/18	08:45	25.7	35.2	6.74	100.00	8.20	1.97	108.10	10.39	6.37	65.66	7.18	4.03	20.794936	-156.485587	
233	NSB180517	Sugar Beach	NSB	14	05/17/18	09:03	26.1	34.7	6.75	101.10	8.17	3.99	123.83	13.06	8.20	264.00	23.81	3.00	20.784204	-156.466463	
234	NKC180517	Kihei Canoe Club	NKC	14	05/17/18	09:20	26.4	34.0	6.71	100.80	8.13	3.29	325.86	15.25	9.48	611.53	250.51	1.98	20.781403	-156.463176	
235	NMP180517	Mai Poina 'Oe Ia'u	NMP	14	05/17/18	09:35	26.7	32.0	6.71	100.20	8.10	4.57	439.92	18.44	16.30	2308.03	350.97	4.01	20.774894	-156.460776	
236	NKN180517	Kalepolepo North	NKN	14	05/17/18	09:56	26.6	29.5	6.73	98.70	8.20	4.19	522.35	20.34	19.11	2903.71	416.27	4.70	20.765132	-156.459344	
237	WKD180518	Kilohana Dr	WKD	14	05/18/18	08:10	25.7	35.1	6.60	98.40	8.15	0.62	123.42	13.54	7.10	167.47	17.42	2.89	20.702214	-156.445921	
238	WKB180518	Keawekapu Beach	WKB	14	05/18/18	08:30	25.9	35.1	6.73	100.60	8.19	0.27	95.14	14.89	5.92	72.10	9.29	3.08	20.695939	-156.444632	
239	WUL180518	Ulua Beach	WUL	14	05/18/18	08:55	26.3	34.3	6.76	101.30	8.14	1.15	216.42	15.01	7.70	231.61	127.43	2.77	20.691120	-156.444201	
240	WWA180518	Wailea Beach	WWA	14	05/18/18	09:21	26.4	34.6	6.76	101.70	8.18	0.56	121.20	11.98	6.62	216.82	33.60	2.88	20.681560	-156.443524	
241	WPL180518	Palauea	WPL	14	05/18/18	09:41	26.6	34.8	6.74	101.80	8.20	1.35	171.70	9.77	7.13	225.00	82.03	2.61	20.669565	-156.442907	
242	WPO180518	Poolenalena (Chang's Beach)	WPO	14	05/18/18	10:01	26.5	34.8	6.71	101.40	8.22	0.80	151.38	12.96	6.43	177.21	59.31	3.37	20.663390	-156.441968	
243	KWP180529	Waipuilani Park	KWP	15	05/29/18	07:45	25.5	31.8	5.71	83.30	8.08	5.00	122.26	11.31	7.84	820.75	25.27	9.01	20.755056	-156.459602	
244	KKS180529	Kihei South (Lipoa)	KKS	15	05/29/18	08:00	26.5	32.5	5.73	85.30	8.08	4.68	198.08	8.93	8.66	1062.58	106.77	7.89	20.747334	-156.457881	
245	KKP180529	Kalama Park	KKP	15	05/29/18	08:16	26.0	34.8	6.27	93.60	8.12	4.39	142.20	6.45	5.24	411.02	50.98	6.01	20.730973	-156.453720	
246	KCP180529	Cove Park	KCP	15	05/29/18	08:30	25.9	33.0	6.37	94.20	8.12	1.84	666.80	33.53	30.26	2169.30	607.28	10.91	20.727434	-156.450077	
247	KKO180529	Kamaole Beach I	KKO	15	05/29/18	08:45	25.7	34.1	6.48	96.20	8.16	1.48	146.39	11.70	6.84	579.47	62.43	1.79	20.721985	-156.448183	
248	KKT180529	Kamaole Beach III	KKT	15	05/29/18	08:59	26.0	34.7	6.44	96.40	8.15	0.78	163.66	7.82	6.62	405.69	61.36	3.50	20.712908	-156.446596	
249	MML180530	Makena Landing	MML	15	05/30/18	07:46	25.2	34.6	6.68	98.90	8.15	2.48	136.54	8.94	7.65	450.74	58.25	4.80	20.653913	-156.441174	
250	MMB180530	Maluaka Beach	MMB	15	05/30/18	08:20	25.8	35.2	6.50	97.60	8.15	1.42	122.35	8.77	6.45	271.62	48.68	2.20	20.645598	-156.443859	
251	MON180530	Oneuli	MON	15	05/30/18	08:41	25.6	34.3	6.67	99.30	8.07	2.74	156.52	11.03	10.80	910.68	77.60	4.60	20.639866	-156.447406	
252	MBS180530	Makena Beach Shoreline	MBS	15	05/30/18	09:05	25.7	35.5	6.65	99.90	8.18	0.59	78.05	7.78	5.40	80.55	2.85	1.12	20.630610	-156.446183	
253	MAN180530	Ahihi North	MAN	15	05/30/18	09:27	25.8	35.3	7.06	106.10	8.12	0.94	81.37	9.52	8.38	319.99	8.11	4.94	20.618366	-156.437572	
254	MAS180530	Ahihi South	MAS	15	05/30/18	09:39	26.3	35.3	6.62	100.10	8.12	2.44	109.44	14.25	9.40	478.70	18.10	6.29	20.613800	-156.436853	
255	NHP180531	Haycraft Park	NHP	15	05/31/18	08:20	25.1	35.2	6.73	99.30	8.15	5.32	139.82	7.43	6.94	291.67	59.27	4.63	20.796414	-156.503198	
256	NKP180531	Kealia Pond	NKP	15	05/31/18	08:45	25.2	35.7	6.71	99.40	8.15	7.62	86.72	11.08	7.61	119.90	6.49	4.51	20.794936	-156.485587	
257	NSB180531	Sugar Beach	NSB	15	05/31/18	09:08	26.3	35.7	6.56	99.00	8.14	5.10	100.02	9.95	7.66	239.26	14.91	2.79	20.784204	-156.466463	
258	NKC180531	Kihei Canoe Club	NKC	15	05/31/18	09:30	26.2	35.0	6.55	98.40	8.11	7.47	306.32	12.28	8.20	601.17	231.73	2.56	20.781403	-156.463176	
259	NMP180531	Mai Poina 'Oe Ia'u	NMP	15	05/31/18	09:51	26.2	35.1	6.69	100.70	8.14	4.47	178.03	12.50	10.31	846.13	98.31	6.10	20.774894	-156.460776	
260	NKN180531	Kalepolepo North	NKN	15	05/31/18	10:05	26.4	32.8	6.69	99.80	8.15	13.13	280.96	15.33	13.32	1538.52	211.52	4.23	20.765132	-156.459344	
261	WKD180601	Kilohana Dr	WKD	15	06/01/18	08:00	25.6	35.3	6.67	99.40	8.15	1.17	114.50	9.59	5.95	202.29	35.84	3.66	20.702214	-156.445921	
262	WKB180601	Keawekapu Beach	WKB	15	06/01/18	08:35	25.7	35.7	6.75	101.10	8.18	0.31	83.10	7.69	4.72	38.25	6.43	3.73	20.695939	-156.444632	
263	WUL180601	Ulua Beach	WUL	15	06/01/18	08:55	25.9	34.8	6.59	98.60	8.14	1.00	210.54	8.51	5.68	239.99	134.91	4.60	20.691120	-156.444201	
264	WWA180601	Wailea Beach	WWA	15	06/01/18	09:25	26.1	35.5	6.58	99.20	8.19	0.48	97.50	6.82	4.34	58.85	12.46	4.54	20.681560	-156.443524	
265	WPL180601	Palauea	WPL	15	06/01/18	09:55	26.1	35.2	6.67	100.30	8.18	1.13	145.75	9.35	6.19	185.37	73.25	3.97	20.669565	-156.442907	
266	WPO180601	Poolenalena (Chang's Beach)	WPO	15	06/01/18	10:15	25.9	35.2	6.68	100.10	8.19	0.93	141.16	7.92	5.14	167.72	65.06	1.73	20.663390	-156.441968	
267	NKN180619	Kalepolepo North	NKN	16	06/19/18	08:01	26.1	33.6	5.78	86.20	8.14	2.33	231.66	11.42	8.69	885.09	108.48	5.27	20.765132	-156.459344	
268	KWP180619	Waipuilani Park	KWP	16	06/19/18	08:22	25.2	31.7	6.30	91.60	8.10	15.47	119.25	21.41	13.39	1189.07	42.58	4.98	20.755056	-156.459602	
269	KKS180619	Kihei South (Lipoa)	KKS	16	06/19/18	08:40	26.4	32.8	5.83	87.10	8.16	7.43	137.58	13.00	8.29	1024.13	72.94	4.13	20.747334	-156.457881	
270	KKP180619	Kalama Park	KKP	16	06/19/18	08:59	26.4	34.1	6.59	99.10	8.16	8.75	133.89	13.79	7.86	544.52	58.38	2.33	20.730973	-156.453720	
271	KCP180619	Cove Park	KCP	16	06/19/18	09:18	26.6	31.5	6.74	100.30	8.14	2.70	588.54	34.50	28.18	1966.27	385.03	7.63	20.727434	-156.450077	
272	MML180620	Makena Landing	MML	16	06/20/18	08:00	26.4	34.4	6.55	98.60	8.18	1.15	126.59	14.85	6.23	349.11	61.19	2.03	20.653913	-156.441174	
273	MMB180620	Maluaka Beach	MMB	16	06/20/18	08:25	27.0	34.9	6.54	99.80	8.18	1.25	108.68	14.82	6.12	243.06	48.83	0.35	20.645598	-156.443859	
274	MON180620	Oneuli	MON	16	06/20/18	08:50	26.7	35.1	6.57	99.80	8.12	1.28	92.13	12.49	5.13	282.12	19.25	4.23	20.639866	-156.447406	
275	MAN180620	Ahihi North	MAN	16	06/20/18	09:20	26.2	34.7	6.86	103.30	8.09	0.90	81.96	13.14	6.08	416.47	9.52	3.77	20.618366	-156.437572	
276	MAS180620	Ahihi South	MAS	16	06/20/18	09:25	26.1	35.2	6.27	94.50	8.13	0.50	71.23	16.78	6.45	93.55	13.82	8.17	20.613800	-156.436853	
277	NHP180621	Haycraft Park	NHP	16	06/21/18	08:12	26.3	34.7	6.72	101.20	8.15	2.49	110.50	14.07	5.53	356.06	55.87	2.52	20.796414	-156.503198	
278	NKP180621	Kealia Pond	NKP	16	06/21/18	08:38	25.9	35.2	6.72	100.60	8.18	1.16	67.91	13.94	7.63	61.52	9.21	0.89	20.794936	-156.485587	
279	NSB180621	Sugar Beach	NSB	16	06/21/18	09:00	26.9	35.1	6.66	101.50	8.18	4.59	91.78	12.75	7.33	200.98	27.48	1.10	20.784204	-156.466463	
280	NKC180621	Kihei Canoe Club	NKC	16	06/21/18	09:17	26.6	34.7	6.66	100.80	8.16	4.75	184.22	9.70	6.18	424.59	143.98	2.17	20.781403	-156.463176	
281	NMP180621	Mai Poina 'Oe Ia'u	NMP	16	06/21/18	09:32	27.2	33.5	6.55	99.40	8.14	2.07	244.23	13.48	10.51	1567.67	213.32	2.46	20.774894	-156.460776	
282	WKD180622	Kilohana Dr	WKD	16	06/22/18	07:59	26.5	34.9	6.53	98.70	8.16	0.71	106.42	11.21	5.66	251.98	54.11	2.17	20.702214	-156.445921	
283	WKB180622	Keawekapu Beach	WKB	16	06/22/18	08:25	26.6	35.1	6.65	100.60	8.16	0.59	84.04	12.71	5.37	138.95	19.44	2.92	20.695939	-156.444632	
284	WUL180622	Ulua Beach	WUL	16	06/22/18	08:55	26.7	34.5	6.61	100.60	8.14	0.92	160.57	15.81	4.65	214.36	102.77	2.23	20.691120	-156.444201	
285	WPL180622	Palauea	WPL	16	06/22/18	09:10	26.8	35.0	6.61	100.40	8.19	0.40	171.28	16.60	5.09	143.53	47.12	6.63	20.669565	-156.442907	
286	WPO180622	Poolenalena (Chang's Beach)	WPO	16	06/22/18	09:30	27.3	35.1	6.64	101.80	8.20	0.33	96.83	13.11	4.26	127.09	33.22	0.62	20.663390	-156.441968	
287	NKN180710	Kalepolepo North	NKN	17	07/10/18	07:50	26.6	33.2	5.71	85.50	8.16	0.85	207.46	15.35	7.09	954.70	140.48	5.50	20.765132	-156.459344	
288	KWP180710	Waipuilani Park	KWP	17	07/10/18	08:15	26.2	32.3	4.88	72.30	8.07	2.30	105.31	13.68	6.96	944.71	32.03	4.74	20.755056	-156.459602	
289	KKS180710	Kihei South (Lipoa)	KKS	17	07/10/18	08:35	27.2	32.9	5.29	79.90	8.13	3.41	104.46	14.15	4.93	789.34	32.33	4.12	20.747334	-156.457881	
290	KKP180710	Kalama Park	KKP	17	07/10/18	09:00	26.9	34.0	6.58	99.70	8.17	5.54	162.33	14.19	7.65	601.27	113.56	5.02	20.730973	-156.453720	
291	KCP180710	Cove Park	KCP	17	07/10/18	09:15	27.5	30.7	6.50	97.50	8.14	6.83	631.19	37.89	27.51	2032.47	394.44	10.16	20.727434	-156.450077	
292	MML180711	Makena Landing	MML	17	07/11/18	07:52	26.3	33.7	6.39	95.20	8.14	1.95	177.12	14.51	10.25	820.35	130.91	3.28	20.653913	-156.441174	
293	MMB180711	Maluaka Beach	MMB	17	07/11/18	08:24	26.7	34.6	6.36	96.10	8.17	0.58	139.99	14.89	5.96	316.42	78.09	5.22	20.645598	-156.443859	
294	MON180711	Oneuli	MON	17	07/11/18	08:50	26.9	34.2	6.46	97.80	8.10	2.17	140.51	15.29	12.56	1045.01	98.91	4.11	20.639866	-156.447406	
295	MAN180711	Ahihi North	MAN	17	07/11/18	09:14	26.7	34.8	7.18	108.60	8.18	1.58	116.43	15.21	7.73	350.11	15.07	5.06	20.618366	-156.437572	
296	MAS180711	Ahihi South	MAS	17	07/11/18	09:35	26.7	32.2	6.56	99.00	8.13	1.72	86.68	14.84	12.40	708.58	29.75	11.93	20.613800	-156.436853	
297	NHP180712	Haycraft Park	NHP	17	07/12/18	08:15	25.9	34.3	6.66	99.30	8.13	5.26	146.87	15.25	5.95	514.72	104.36	3.35	20.796414	-156.503198	
298	NKP180712	Kealia Pond	NKP	17	07/12/18	08:40	25.8	35.4	6.52	97.40	8.20	1.26	73.75	14.99	4.92	66.71	6.69	2.18	20.794936	-156.485587	
299	NSB180712	Sugar Beach	NSB	17	07/12/18	08:55	26.4	35.1	6.52	98.40	8.19	4.57	74.09	15.58	5.68	200.68	10.29	3.99	20.784204	-156.466463	
300	NKC180712	Kihei Canoe Club	NKC	17	07/12/18	09:15	26.8	34.3	6.47	98.00	8.11	5.34	343.98	15.01	8.07	811.31	292.41	3.08	20.781403	-156.463176	
301	NMP180712	Mai Poina 'Oe Ia'u	NMP	17	07/12/18	09:30	26.8	32.1	6.65	99.60	8.13	2.49	484.72	15.12	10.97	2119.18	408.61	3.03	20.774894	-156.460776	
302	WKD180713	Kilohana Dr	WKD	17	07/13/18	07:55	26.5	34.8	6.55	99.00	8.18	1.29	106.26	13.52	6.05	240.53	34.38	1.70	20.702214	-156.445921	
303	WKB180713	Keawekapu Beach	WKB	17	07/13/18	08:18	26.5	35.1	6.48	98.20	8.19	0.56	84.93	15.05	4.17	103.21	11.56	5.91	20.695939	-156.444632	
304	WUL180713	Ulua Beach	WUL	17	07/13/18	08:36	26.7	34.5	6.47	97.90	8.16	1.31	200.21	11.13	5.47	282.93	153.21	5.66	20.691120	-156.444201	
305	WPL180713	Palauea	WPL	17	07/13/18	09:00	26.9	34.7	6.53	99.40	8.16	1.16	203.52	14.79	6.31	285.66	100.56	9.29	20.669565	-156.442907	
306	WPO180713	Poolenalena (Chang's Beach)	WPO	17	07/13/18	09:13	26.8	35.1	#N/A	99.90	8.22	0.57	124.45	12.86	4.95	127.18	35.01	7.45	20.663390	-156.441968	DO QA'ed out
307	NKN180731	Kalepolepo North	NKN	18	07/31/18	08:10	27.1	33.8	6.23	94.60	8.17	0.67	203.52	12.59	5.51	762.31	108.37	5.18	20.765132	-156.459344	
308	KWP180731	Waipuilani Park	KWP	18	07/31/18	08:25	27.6	32.0	4.95	75.10	8.06	5.18	198.16	15.83	10.09	1246.27	100.95	9.01	20.755056	-156.459602	
309	KKS180731	Kihei South (Lipoa)	KKS	18	07/31/18	08:45	28.5	33.7	5.56	86.20	8.14	3.75	234.77	12.61	8.19	1017.07	140.53	7.03	20.747334	-156.457881	
310	KKP180731	Kalama Park	KKP	18	07/31/18	09:06	28.3	34.4	6.29	97.80	8.14	6.92	146.52	12.30	6.88	460.40	61.81	8.29	20.730973	-156.453720	
311	KCP180731	Cove Park	KCP	18	07/31/18	09:20	28.1	32.4	6.29	96.50	8.15	1.32	550.25	33.75	24.14	1776.02	495.45	6.06	20.727434	-156.450077	
312	MML180801	Makena Landing	MML	18	08/01/18	08:05	27.1	34.8	6.47	98.60	8.18	1.33	106.37	11.55	5.62	230.45	34.65	2.77	20.653913	-156.441174	
313	MMB180801	Maluaka Beach	MMB	18	08/01/18	08:35	27.6	35.2	6.45	99.60	8.18	1.36	108.70	10.72	5.55	171.63	27.62	1.61	20.645598	-156.443859	
314	MON180801	Oneuli	MON	18	08/01/18	08:55	27.7	35.2	6.63	102.30	8.18	4.33	86.62	8.82	3.84	216.79	16.69	2.96	20.639866	-156.447406	
315	MAN180801	Ahihi North	MAN	18	08/01/18	09:25	27.4	35.1	7.17	110.20	8.19	1.08	96.27	9.82	4.75	124.26	9.05	4.78	20.618366	-156.437572	
316	MAS180801	Ahihi South	MAS	18	08/01/18	09:35	27.5	34.7	6.55	100.80	8.15	0.92	86.01	10.22	5.61	230.05	15.45	3.90	20.613800	-156.436853	
317	NHP180802	Haycraft Park	NHP	18	08/02/18	08:15	26.2	34.7	6.47	97.20	8.13	3.55	143.10	11.69	6.13	470.13	75.18	3.78	20.796414	-156.503198	
318	NKP180802	Kealia Pond	NKP	18	08/02/18	08:45	26.7	35.6	6.54	99.60	8.20	1.23	73.69	8.87	4.55	73.18	3.75	2.27	20.794936	-156.485587	
319	NSB180802	Sugar Beach	NSB	18	08/02/18	09:05	27.4	35.4	6.48	99.60	8.18	3.60	97.80	10.07	5.50	236.16	21.59	1.88	20.784204	-156.466463	
320	NKC180802	Kihei Canoe Club	NKC	18	08/02/18	09:20	27.5	35.1	6.45	99.20	8.18	3.66	147.99	8.76	5.98	329.00	88.08	8.26	20.781403	-156.463176	
321	NMP180802	Mai Poina 'Oe Ia'u	NMP	18	08/02/18	09:39	27.4	33.2	6.42	97.60	8.13	2.13	286.94	13.15	9.63	1663.70	234.60	3.77	20.774894	-156.460776	
322	WKD180803	Kilohana Dr	WKD	18	08/03/18	07:53	26.6	35.3	6.58	100.00	8.20	1.36	80.41	12.66	4.51	127.73	12.63	4.76	20.702214	-156.445921	
323	WKB180803	Keawekapu Beach	WKB	18	08/03/18	08:12	26.8	35.2	6.56	99.80	8.19	1.23	162.46	11.86	6.31	157.36	21.03	5.41	20.695939	-156.444632	
324	WUL180803	Ulua Beach	WUL	18	08/03/18	08:32	27.0	35.4	6.56	100.30	8.20	0.85	111.68	9.38	4.34	95.19	14.78	8.15	20.691120	-156.444201	
325	WPL180803	Palauea	WPL	18	08/03/18	08:55	27.4	35.4	6.54	100.50	8.20	1.66	89.62	9.51	4.22	106.01	14.78	3.00	20.669565	-156.442907	
326	WPO180803	Poolenalena (Chang's Beach)	WPO	18	08/03/18	09:12	27.5	35.4	6.56	101.30	8.22	0.25	91.81	8.51	3.16	74.07	11.61	3.64	20.663390	-156.441968	
327	NKN180821	Kalepolepo North	NKN	19	08/21/18	07:55	26.9	31.6	5.92	88.50	8.13	1.74	265.09	12.61	9.79	1600.52	231.87	7.30	20.765132	-156.459344	
328	KWP180821	Waipuilani Park	KWP	19	08/21/18	08:28	26.4	31.8	5.58	83.00	8.11	4.95	168.95	14.42	10.51	1250.79	82.20	7.93	20.755056	-156.459602	
329	KKS180821	Kihei South (Lipoa)	KKS	19	08/21/18	08:40	27.5	33.4	4.99	76.00	8.10	5.19	109.11	7.34	4.98	761.31	39.14	2.89	20.747334	-156.457881	
330	KKP180821	Kalama Park	KKP	19	08/21/18	09:00	27.3	34.0	6.51	99.20	8.16	7.01	136.22	5.59	3.95	538.99	59.80	3.18	20.730973	-156.453720	
331	KCP180821	Cove Park	KCP	19	08/21/18	09:13	28.2	32.9	6.16	94.90	8.16	1.84	450.17	27.40	13.79	1485.03	408.18	3.59	20.727434	-156.450077	
332	MML180822	Makena Landing	MML	19	08/22/18	07:52	27.3	26.2	6.44	94.00	8.17	1.20	138.12	14.22	7.81	481.05	69.78	7.35	20.653913	-156.441174	
333	MMB180822	Maluaka Beach	MMB	19	08/22/18	08:25	27.7	34.7	6.23	96.20	8.18	1.33	145.70	10.25	6.44	374.14	99.70	2.96	20.645598	-156.443859	
334	MAN180822	Ahihi North	MAN	19	08/22/18	09:04	27.5	34.8	7.17	110.10	8.15	1.12	133.05	14.96	11.49	468.34	21.00	8.53	20.618366	-156.437572	
335	NKN180911	Kalepolepo North	NKN	20	09/11/18	08:00	26.8	32.9	6.35	95.70	8.14	4.73	251.90	15.71	12.07	1246.41	151.04	3.40	20.765132	-156.459344	
336	KWP180911	Waipuilani Park	KWP	20	09/11/18	08:17	26.5	32.9	6.33	95.00	8.12	19.70	187.22	17.71	14.67	1073.42	98.02	3.92	20.755056	-156.459602	
337	KKS180911	Kihei South (Lipoa)	KKS	20	09/11/18	08:37	27.2	33.3	6.04	92.10	8.14	5.32	136.15	12.20	9.96	865.20	57.41	2.76	20.747334	-156.457881	
338	KKP180911	Kalama Park	KKP	20	09/11/18	08:52	27.0	33.8	6.36	96.90	8.15	5.53	138.36	15.97	8.02	517.32	45.62	10.46	20.730973	-156.453720	
339	KCP180911	Cove Park	KCP	20	09/11/18	09:11	27.2	31.6	6.52	98.40	8.14	4.01	558.27	33.18	31.20	1763.76	533.52	4.80	20.727434	-156.450077	
340	NHP180913	Haycraft Park	NHP	20	09/13/18	08:25	26.8	34.8	6.44	98.00	8.17	8.75	129.82	12.51	7.76	336.16	67.33	5.88	20.796414	-156.503198	
341	NKP180913	Kealia Pond	NKP	20	09/13/18	08:50	27.0	35.4	6.44	98.50	8.20	1.46	65.89	9.84	5.10	45.43	2.59	1.48	20.794936	-156.485587	
342	NSB180913	Sugar Beach	NSB	20	09/13/18	09:20	28.0	35.3	6.44	100.40	8.19	2.38	104.46	11.87	7.12	233.97	27.83	1.83	20.784204	-156.466463	
343	NKC180913	Kihei Canoe Club	NKC	20	09/13/18	09:50	28.1	34.9	6.41	99.90	8.18	2.49	189.99	12.55	8.32	481.39	142.92	1.60	20.781403	-156.463176	
344	NMP180913	Mai Poina 'Oe Ia'u	NMP	20	09/13/18	10:11	27.7	34.1	6.46	99.70	8.17	3.08	207.52	12.80	9.23	965.80	159.65	1.66	20.774894	-156.460776	
345	WKD180914	Kilohana Dr	WKD	20	09/14/18	07:52	27.2	35.6	6.41	98.80	8.20	0.75	77.69	10.90	5.60	106.37	10.04	1.57	20.702214	-156.445921	
346	WKB180914	Keawekapu Beach	WKB	20	09/14/18	08:18	27.6	35.2	6.48	99.90	8.15	0.76	66.09	8.77	4.58	79.47	5.86	3.16	20.695939	-156.444632	
347	WUL180914	Ulua Beach	WUL	20	09/14/18	08:37	27.5	35.3	6.47	99.80	8.18	0.85	79.32	9.00	5.02	95.50	11.03	2.17	20.691120	-156.444201	
348	WPL180914	Palauea	WPL	20	09/14/18	08:58	27.6	35.4	6.46	99.90	8.18	0.87	74.42	9.72	5.23	83.93	11.98	2.91	20.669565	-156.442907	
349	WPO180914	Poolenalena (Chang's Beach)	WPO	20	09/14/18	09:25	28.2	35.5	6.47	101.10	8.21	0.37	78.51	10.60	5.40	98.99	8.83	2.19	20.663390	-156.441968	
350	NKN181002	Kalepolepo North	NKN	21	10/02/18	08:00	27.8	34.5	5.80	85.30	8.10	2.23	138.38	9.45	5.96	484.81	56.17	3.20	20.765132	-156.459344	
351	KWP181002	Waipuilani Park	KWP	21	10/02/18	08:15	26.0	33.2	6.16	91.40	8.02	22.17	125.65	11.97	10.63	735.79	33.02	4.27	20.755056	-156.459602	
352	KKS181002	Kihei South (Lipoa)	KKS	21	10/02/18	08:35	27.4	33.7	5.92	90.20	8.11	9.43	112.30	8.59	7.51	616.11	39.83	6.22	20.747334	-156.457881	
353	KKP181002	Kalama Park	KKP	21	10/02/18	08:55	27.3	34.1	6.61	100.60	8.14	10.10	233.02	10.82	7.78	535.29	137.78	3.44	20.730973	-156.453720	
354	KCP181002	Cove Park	KCP	21	10/02/18	09:10	27.7	33.6	6.47	99.00	8.14	3.02	378.00	23.25	20.98	1016.06	278.60	11.93	20.727434	-156.450077	
355	MML181003	Makena Landing	MML	21	10/03/18	08:01	27.1	26.5	6.97	102.20	8.14	3.08	128.12	10.47	7.77	339.33	31.49	6.79	20.653913	-156.441174	
356	MMB181003	Maluaka Beach	MMB	21	10/03/18	08:36	27.8	35.1	6.46	99.90	8.14	0.90	113.48	9.08	5.53	196.64	28.52	3.13	20.645598	-156.443859	
357	MON181003	Oneuli	MON	21	10/03/18	08:52	27.8	35.1	6.69	103.30	8.13	2.94	85.06	8.62	4.16	195.18	6.34	3.51	20.639866	-156.447406	
358	MAN181003	Ahihi North	MAN	21	10/03/18	09:15	27.8	35.2	6.91	106.80	8.11	2.17	78.28	7.69	4.34	166.90	2.80	4.06	20.618366	-156.437572	
359	MAS181003	Ahihi South	MAS	21	10/03/18	09:28	28.1	35.4	6.45	104.00	8.12	1.80	84.31	9.80	5.82	106.40	6.40	4.20	20.613800	-156.436853	
360	NHP181004	Haycraft Park	NHP	21	10/04/18	08:20	27.4	35.0	6.69	103.00	8.15	4.47	121.70	8.22	5.12	218.30	27.13	4.38	20.796414	-156.503198	
361	NKP181004	Kealia Pond	NKP	21	10/04/18	08:46	27.5	35.3	6.74	104.00	8.17	3.17	78.70	8.68	4.87	88.41	2.95	3.22	20.794936	-156.485587	
362	NMP181004	Mai Poina 'Oe Ia'u	NMP	21	10/04/18	09:37	28.1	35.1	6.58	102.60	8.17	4.95	105.27	8.89	6.17	351.00	30.92	2.69	20.774894	-156.460776	
363	WPL181005	Palauea	WPL	21	10/05/18	08:12	27.5	26.6	6.98	103.00	8.17	5.02	180.21	10.69	7.83	240.19	68.15	7.17	20.669565	-156.442907	
364	WPO181005	Poolenalena (Chang's Beach)	WPO	21	10/05/18	08:30	27.9	27.1	6.92	103.10	8.19	3.87	109.14	9.66	5.22	101.55	6.63	3.43	20.663390	-156.441968	
365	WUL181005	Ulua Beach	WUL	21	10/05/18	08:50	27.8	35.1	6.66	103.10	8.17	6.22	153.24	10.39	7.41	168.63	47.67	6.79	20.691120	-156.444201	
366	WKB181005	Keawekapu Beach	WKB	21	10/05/18	09:10	27.9	35.3	6.62	102.80	8.18	4.68	98.07	10.42	6.37	97.23	10.94	2.50	20.695939	-156.444632	
367	WKD181005	Kilohana Dr	WKD	21	10/05/18	09:27	28.1	35.4	6.60	102.80	8.16	3.56	129.65	10.43	6.61	99.18	12.73	8.86	20.702214	-156.445921	
368	NKN181023	Kalepolepo North	NKN	22	10/23/18	08:08	26.8	33.6	6.21	98.70	8.13	4.00	292.63	14.83	10.87	991.64	130.09	7.45	20.765132	-156.459344	
369	KWP181023	Waipuilani Park	KWP	22	10/23/18	08:17	26.0	34.4	6.51	97.70	8.09	17.77	168.25	13.91	11.42	448.22	16.42	8.47	20.755056	-156.459602	
370	KKS181023	Kihei South (Lipoa)	KKS	22	10/23/18	08:38	26.6	34.1	6.58	99.30	8.09	10.75	196.26	13.48	11.76	991.75	126.68	1.60	20.747334	-156.457881	
371	KKP181023	Kalama Park	KKP	22	10/23/18	08:51	27.3	35.1	6.75	103.70	8.15	7.43	99.82	9.71	6.32	199.76	21.35	1.76	20.730973	-156.453720	
372	KCP181023	Cove Park	KCP	22	10/23/18	09:08	27.4	34.3	6.80	104.00	8.14	7.41	238.26	16.19	13.07	625.75	165.08	6.15	20.727434	-156.450077	
373	MML181024	Makena Landing	MML	22	10/24/18	08:00	27.2	34.7	6.66	102.00	8.13	5.49	93.51	10.30	6.74	287.47	27.93	2.20	20.653913	-156.441174	
374	MMB181024	Maluaka Beach	MMB	22	10/24/18	08:22	27.5	35.2	6.65	102.90	8.16	2.67	88.08	60.12	9.23	272.23	19.93	0.57	20.645598	-156.443859	
375	MON181024	Oneuli	MON	22	10/24/18	08:44	27.5	34.7	6.70	103.20	8.10	2.90	99.96	9.57	7.70	634.53	34.29	4.88	20.639866	-156.447406	
376	MAN181024	Ahihi North	MAN	22	10/24/18	09:09	27.6	35.0	7.00	108.30	8.09	1.79	78.61	8.80	5.75	177.80	8.80	2.54	20.618366	-156.437572	
377	MAS181024	Ahihi South	MAS	22	10/24/18	09:33	27.7	34.7	6.67	103.20	8.11	1.70	99.62	11.55	9.76	467.34	28.19	2.28	20.613800	-156.436853	
378	NKP181025	Kealia Pond	NKP	22	10/25/18	08:30	27.1	35.2	6.72	103.00	8.19	2.83	90.42	9.06	5.72	105.13	3.48	3.95	20.794936	-156.485587	
379	NSB181025	Sugar Beach	NSB	22	10/25/18	08:50	27.1	35.0	6.62	101.30	8.15	3.46	110.44	10.95	7.37	243.63	26.18	3.56	20.784204	-156.466463	
380	NKC181025	Kihei Canoe Club	NKC	22	10/25/18	09:15	27.6	34.7	6.68	102.90	8.15	16.17	205.75	9.56	6.49	426.17	142.64	0.84	20.781403	-156.463176	
381	NMP181025	Mai Poina 'Oe Ia'u	NMP	22	10/25/18	09:33	27.8	34.9	6.67	103.30	8.18	1.81	97.57	7.56	5.15	292.31	25.35	2.75	20.774894	-156.460776	
382	WKD181026	Kilohana Dr	WKD	22	10/26/18	07:55	26.9	35.4	6.72	103.00	8.17	0.90	83.12	10.28	6.53	95.03	7.94	0.62	20.702214	-156.445921	
383	WKB181026	Keawekapu Beach	WKB	22	10/26/18	08:14	27.2	35.4	6.73	103.60	8.18	0.63	71.78	9.85	4.75	62.90	2.66	0.97	20.695939	-156.444632	
384	WUL181026	Ulua Beach	WUL	22	10/26/18	08:34	27.1	35.3	6.73	103.30	8.16	1.86	85.19	8.77	6.01	128.55	13.37	2.43	20.691120	-156.444201	
385	WPL181026	Palauea	WPL	22	10/26/18	08:55	27.4	35.4	6.74	103.70	8.17	2.42	86.18	9.77	6.68	131.97	13.04	0.82	20.669565	-156.442907	
386	WPO181026	Poolenalena (Chang's Beach)	WPO	22	10/26/18	09:11	27.7	35.4	6.68	103.50	8.19	0.87	81.06	9.06	5.75	108.46	5.43	0.83	20.663390	-156.441968	
387	NKN181113	Kalepolepo North	NKN	23	11/13/18	08:45	26.7	34.3	5.66	85.70	8.09	1.32	340.23	17.29	14.66	576.15	54.57	12.43	20.765132	-156.459344	
388	KWP181113	Waipuilani Park	KWP	23	11/13/18	09:05	24.0	32.4	6.23	90.50	8.08	13.50	151.33	18.84	16.28	913.66	51.91	4.54	20.755056	-156.459602	
389	KKS181113	Kihei South (Lipoa)	KKS	23	11/13/18	09:26	24.4	33.5	6.60	95.70	8.21	3.67	112.51	13.17	12.58	513.88	20.54	4.48	20.747334	-156.457881	
390	KKP181113	Kalama Park	KKP	23	11/13/18	09:42	25.3	34.1	6.30	93.10	8.17	5.01	173.17	12.97	12.31	374.42	74.52	8.43	20.730973	-156.453720	
391	KCP181113	Cove Park	KCP	23	11/13/18	10:00	26.8	34.4	6.07	92.10	8.14	1.09	322.39	21.41	20.31	793.37	228.75	16.95	20.727434	-156.450077	
392	MML181114	Makena Landing	MML	23	11/14/18	07:55	26.3	35.1	6.43	96.90	8.13	0.87	106.26	10.51	10.13	186.45	13.71	5.68	20.653913	-156.441174	
393	MMB181114	Maluaka Beach	MMB	23	11/14/18	08:19	26.6	35.3	6.49	98.40	8.17	0.37	107.26	9.89	8.47	98.13	11.69	4.44	20.645598	-156.443859	
394	MON181114	Oneuli	MON	23	11/14/18	08:39	26.7	35.3	6.37	96.60	8.15	0.95	91.68	8.46	7.97	105.90	6.15	5.28	20.639866	-156.447406	
395	MAN181114	Ahihi North	MAN	23	11/14/18	08:59	26.5	35.1	6.69	100.90	8.08	0.42	87.11	10.70	9.83	95.22	9.15	8.87	20.618366	-156.437572	
396	MAS181114	Ahihi South	MAS	23	11/14/18	09:16	26.8	35.3	6.20	94.40	8.13	0.31	90.84	8.55	8.31	183.19	4.29	6.16	20.613800	-156.436853	
397	NHP181115	Haycraft Park	NHP	23	11/15/18	08:25	26.5	34.5	6.51	98.00	8.14	2.30	179.37	10.57	9.92	460.38	87.50	4.90	20.796414	-156.503198	
398	NKP181115	Kealia Pond	NKP	23	11/15/18	08:50	26.4	35.3	6.65	100.50	8.18	0.99	99.51	8.45	7.82	111.72	10.61	4.10	20.794936	-156.485587	
399	NSB181115	Sugar Beach	NSB	23	11/15/18	09:10	26.7	35.2	6.68	101.40	8.17	2.07	115.16	9.19	8.70	231.02	26.64	2.85	20.784204	-156.466463	
400	NKC181115	Kihei Canoe Club	NKC	23	11/15/18	09:25	27.6	34.9	6.59	101.40	8.15	1.83	213.11	10.15	9.24	383.14	130.41	3.43	20.781403	-156.463176	
401	NMP181115	Mai Poina 'Oe Ia'u	NMP	23	11/15/18	09:50	27.4	34.5	6.53	100.00	8.16	1.41	188.38	14.04	12.24	710.63	96.96	4.91	20.774894	-156.460776	
402	WKD181116	Kilohana Dr	WKD	23	11/16/18	07:53	25.9	35.1	6.36	95.30	8.15	0.81	126.76	12.71	12.37	211.29	27.81	4.23	20.702214	-156.445921	
403	WKB181116	Keawekapu Beach	WKB	23	11/16/18	08:14	26.1	34.9	6.44	96.50	8.10	0.80	162.05	12.86	12.38	288.84	40.28	7.60	20.695939	-156.444632	
404	WUL181116	Ulua Beach	WUL	23	11/16/18	08:33	26.4	34.9	6.47	97.70	8.13	1.57	173.78	12.89	12.28	258.38	95.94	3.73	20.691120	-156.444201	
405	WPL181116	Palauea	WPL	23	11/16/18	08:56	26.4	35.2	6.62	100.10	8.16	1.03	181.44	11.82	11.10	161.60	41.61	10.80	20.669565	-156.442907	
406	WPO181116	Poolenalena (Chang's Beach)	WPO	23	11/16/18	09:10	26.6	35.2	6.61	100.60	8.18	0.72	113.18	12.26	10.76	167.17	24.13	3.67	20.663390	-156.441968	
407	NKN181204	Kalepolepo North	NKN	24	12/04/18	08:02	25.1	32.7	6.06	88.50	8.15	1.04	260.17	9.08	8.57	1204.41	144.16	5.82	20.765132	-156.459344	
408	KWP181204	Waipuilani Park	KWP	24	12/04/18	08:36	24.4	32.5	5.94	85.60	8.12	6.74	180.16	11.89	12.12	973.81	68.82	10.36	20.755056	-156.459602	
409	KKS181204	Kihei South (Lipoa)	KKS	24	12/04/18	08:54	25.3	34.5	5.77	85.30	8.16	3.89	137.49	6.58	4.91	515.94	43.93	7.01	20.747334	-156.457881	
410	KKP181204	Kalama Park	KKP	24	12/04/18	09:15	24.9	34.5	6.77	99.50	8.16	6.61	146.29	10.65	9.58	486.34	46.73	11.10	20.730973	-156.453720	
411	KCP181204	Cove Park	KCP	24	12/04/18	09:30	26.1	33.7	5.84	87.20	8.13	1.64	478.28	20.30	20.08	1291.94	361.61	18.30	20.727434	-156.450077	
412	NHP181206	Haycraft Park	NHP	24	12/06/18	08:20	24.6	34.7	6.72	98.10	8.13	8.55	202.76	8.49	6.83	542.58	99.28	6.90	20.796414	-156.503198	
413	NKP181206	Kealia Pond	NKP	24	12/06/18	08:45	24.9	35.5	6.80	101.10	8.20	0.45	179.04	8.35	4.86	162.78	3.13	13.30	20.794936	-156.485587	
414	NSB181206	Sugar Beach	NSB	24	12/06/18	09:10	25.0	35.1	6.84	100.80	8.18	1.43	126.77	7.56	5.30	313.25	39.50	5.63	20.784204	-156.466463	
415	NKC181206	Kihei Canoe Club	NKC	24	12/06/18	09:28	25.5	34.4	6.77	100.30	8.15	1.70	354.28	8.08	6.81	567.40	262.81	8.79	20.781403	-156.463176	
416	NMP181206	Mai Poina 'Oe Ia'u	NMP	24	12/06/18	09:45	25.6	33.4	6.57	97.00	8.14	2.52	290.26	8.26	8.12	1428.69	199.00	5.81	20.774894	-156.460776	
417	WKD181207	Kilohana Dr	WKD	24	12/07/18	07:50	24.9	35.4	6.80	100.20	8.18	1.20	85.17	7.22	5.47	172.70	3.96	3.39	20.702214	-156.445921	
418	WKB181207	Keawekapu Beach	WKB	24	12/07/18	08:21	25.3	35.4	6.75	100.10	8.15	0.66	86.76	4.97	3.78	135.06	5.05	5.06	20.695939	-156.444632	
419	WUL181207	Ulua Beach	WUL	24	12/07/18	08:40	25.6	35.3	6.75	100.70	8.15	0.98	118.22	6.53	4.92	220.82	21.99	5.56	20.691120	-156.444201	
420	WPL181207	Palauea	WPL	24	12/07/18	09:05	25.8	35.4	6.81	101.80	8.17	0.79	99.70	5.04	3.26	166.13	16.42	3.49	20.669565	-156.442907	
421	WPO181207	Poolenalena (Chang's Beach)	WPO	24	12/07/18	09:22	25.9	35.3	6.84	102.30	8.20	0.42	85.28	6.79	4.69	183.29	9.57	2.57	20.663390	-156.441968	
422	NKN181218	Kalepolepo North	NKN	25	12/18/18	08:00	24.8	33.8	5.74	83.20	8.11	1.96	150.66	5.34	3.92	683.02	79.12	2.35	20.765132	-156.459344	
423	KWP181218	Waipuilani Park	KWP	25	12/18/18	08:14	22.7	31.8	6.45	89.10	8.13	11.43	114.82	9.70	8.80	921.73	48.39	3.66	20.755056	-156.459602	
424	KKS181218	Kihei South (Lipoa)	KKS	25	12/18/18	08:30	23.6	33.4	6.05	85.90	8.15	5.81	128.80	5.51	4.35	517.05	43.28	3.73	20.747334	-156.457881	
425	KKP181218	Kalama Park	KKP	25	12/18/18	08:46	23.5	34.0	6.87	97.60	8.15	3.97	180.23	7.94	5.99	372.16	77.99	5.02	20.730973	-156.453720	
426	KCP181218	Cove Park	KCP	25	12/18/18	09:02	24.9	32.5	6.25	90.20	8.11	2.19	689.77	32.74	28.50	1686.62	542.64	18.29	20.727434	-156.450077	
427	MML181219	Makena Landing	MML	25	12/19/18	08:05	24.4	34.5	6.54	94.80	8.10	1.94	126.84	8.09	5.11	388.46	49.28	3.61	20.653913	-156.441174	
428	MMB181219	Maluaka Beach	MMB	25	12/19/18	08:40	24.2	34.9	6.80	98.60	8.14	0.86	85.22	5.74	3.32	247.27	26.07	1.29	20.645598	-156.443859	
429	MON181219	Oneuli	MON	25	12/19/18	08:57	24.5	35.2	7.00	102.00	8.15	1.44	67.14	5.66	2.99	286.68	15.20	1.44	20.639866	-156.447406	
430	MAN181219	Ahihi North	MAN	25	12/19/18	09:21	24.5	35.0	7.36	107.60	8.11	1.08	79.77	7.19	4.54	296.89	7.31	3.04	20.618366	-156.437572	
431	MAS181219	Ahihi South	MAS	25	12/19/18	09:45	24.8	35.1	6.95	102.40	8.12	0.82	79.17	7.63	4.37	269.47	9.81	4.87	20.613800	-156.436853	
432	NHP181220	Haycraft Park	NHP	25	12/20/18	08:25	23.7	33.9	6.63	94.40	8.10	4.59	224.75	9.00	5.88	652.79	135.31	2.70	20.796414	-156.503198	
433	NKP181220	Kealia Pond	NKP	25	12/20/18	08:55	24.1	35.5	6.86	99.40	8.17	0.73	77.83	7.41	2.99	22.30	4.63	3.64	20.794936	-156.485587	
434	NSB181220	Sugar Beach	NSB	25	12/20/18	09:15	24.0	35.0	6.94	100.10	8.15	2.50	118.21	10.69	7.22	291.18	33.40	3.95	20.784204	-156.466463	
435	NKC181220	Kihei Canoe Club	NKC	25	12/20/18	09:30	24.4	34.9	6.90	100.00	8.15	1.73	238.95	10.22	6.98	384.09	146.11	2.27	20.781403	-156.463176	
436	NMP181220	Mai Poina 'Oe Ia'u	NMP	25	12/20/18	09:47	24.7	32.5	6.85	98.70	8.12	1.59	315.30	8.65	7.70	1518.24	224.55	2.83	20.774894	-156.460776	
437	WKD181221	Kilohana Dr	WKD	25	12/21/18	07:54	24.1	35.2	6.89	99.70	8.15	0.57	89.20	8.65	4.39	81.14	8.86	1.35	20.702214	-156.445921	
438	WKB181221	Keawekapu Beach	WKB	25	12/21/18	08:17	24.6	35.3	6.74	98.40	8.17	0.29	96.04	8.55	3.42	72.36	7.69	5.03	20.695939	-156.444632	
439	WUL181221	Ulua Beach	WUL	25	12/21/18	08:37	24.3	35.1	6.89	100.10	8.13	0.90	123.39	9.00	5.18	274.49	43.30	3.76	20.691120	-156.444201	
440	WPL181221	Palauea	WPL	25	12/21/18	08:58	24.9	35.3	6.79	99.50	8.19	0.39	85.56	7.03	3.40	78.01	17.01	1.56	20.669565	-156.442907	
441	WPO181221	Poolenalena (Chang's Beach)	WPO	25	12/21/18	09:13	25.1	35.3	6.77	99.70	8.19	0.30	67.80	6.97	2.67	46.71	4.02	1.13	20.663390	-156.441968	
442	NKN190115	Kalepolepo North	NKN	26	01/15/19	08:04	23.8	33.4	6.72	96.00	8.20	4.83	198.98	12.92	10.85	706.33	64.38	21.92	20.765132	-156.459344	
443	KWP190115	Waipuilani Park	KWP	26	01/15/19	08:40	23.4	34.1	6.29	89.60	8.10	11.57	95.02	10.51	7.55	243.71	8.15	16.33	20.755056	-156.459602	
444	KKS190115	Kihei South (Lipoa)	KKS	26	01/15/19	09:05	24.2	34.1	6.52	94.10	8.17	8.94	126.44	11.13	7.81	378.46	38.87	1.58	20.747334	-156.457881	
445	KKP190115	Kalama Park	KKP	26	01/15/19	09:30	24.4	34.4	6.65	96.50	8.16	8.85	116.19	9.89	7.18	155.57	33.97	2.68	20.730973	-156.453720	
446	KCP190115	Cove Park	KCP	26	01/15/19	10:00	24.6	32.6	6.90	99.70	8.17	3.87	344.30	22.48	19.43	1064.79	245.38	6.59	20.727434	-156.450077	
447	MML190116	Makena Landing	MML	26	01/16/19	08:10	23.5	33.7	6.81	97.20	8.19	4.11	130.24	11.51	7.12	434.02	52.24	2.92	20.653913	-156.441174	
448	MMB190116	Maluaka Beach	MMB	26	01/16/19	08:37	23.8	34.2	6.86	98.80	8.18	2.53	122.87	10.63	7.67	322.04	47.34	0.58	20.645598	-156.443859	
449	MON190116	Oneuli	MON	26	01/16/19	09:02	23.9	34.0	6.89	99.30	8.15	2.85	182.03	12.04	9.44	524.28	34.41	8.82	20.639866	-156.447406	
450	MAN190116	Ahihi North	MAN	26	01/16/19	09:28	24.2	34.5	7.06	102.50	8.15	1.01	111.44	8.08	5.76	214.06	7.44	3.53	20.618366	-156.437572	
451	MAS190116	Ahihi South	MAS	26	01/16/19	09:50	24.6	34.4	6.78	99.00	8.16	1.69	86.78	9.44	7.16	286.79	11.33	2.59	20.613800	-156.436853	
452	WKD190118	Kilohana Dr	WKD	26	01/18/19	08:00	23.4	34.8	6.85	98.10	8.19	1.25	94.41	8.75	4.69	71.25	6.38	3.56	20.702214	-156.445921	
453	WKB190118	Keawekapu Beach	WKB	26	01/18/19	08:20	23.8	34.6	6.85	98.50	8.20	0.84	133.34	11.55	5.35	100.74	9.20	6.57	20.695939	-156.444632	
454	WUL190118	Ulua Beach	WUL	26	01/18/19	08:40	24.2	34.4	6.84	99.00	8.20	0.61	132.80	8.41	3.62	138.38	50.30	3.67	20.691120	-156.444201	
455	WPL190118	Palauea	WPL	26	01/18/19	09:10	24.1	34.6	6.86	99.00	8.20	1.13	93.56	7.62	3.37	142.60	31.99	2.75	20.669565	-156.442907	
456	WPO190118	Poolenalena (Chang's Beach)	WPO	26	01/18/19	09:35	24.3	34.4	6.84	99.10	8.22	0.57	91.91	8.31	3.32	164.88	28.84	2.92	20.663390	-156.441968	
457	NKN190205	Kalepolepo North	NKN	27	02/05/19	08:00	23.4	35.7	6.33	91.10	8.13	1.78	121.60	8.80	7.57	586.45	43.86	7.12	20.765132	-156.459344	
458	KWP190205	Waipuilani Park	KWP	27	02/05/19	08:15	21.4	33.7	6.84	94.10	8.11	19.80	133.12	14.90	13.74	1003.49	49.84	5.89	20.755056	-156.459602	
459	KKS190205	Kihei South (Lipoa)	KKS	27	02/05/19	08:33	23.1	34.7	6.24	89.00	8.15	6.88	113.46	7.91	6.97	608.93	37.35	3.85	20.747334	-156.457881	
460	KKP190205	Kalama Park	KKP	27	02/05/19	08:52	22.5	35.3	6.85	96.90	8.18	5.44	121.48	8.45	6.78	394.67	41.60	3.92	20.730973	-156.453720	
461	KCP190205	Cove Park	KCP	27	02/05/19	09:07	23.1	35.1	6.71	96.20	8.14	4.61	361.15	21.79	20.47	1041.19	233.73	8.82	20.727434	-156.450077	
462	MML190206	Makena Landing	MML	27	02/06/19	08:00	23.5	36.7	6.82	98.90	8.15	2.11	86.16	9.66	6.19	143.32	8.64	2.80	20.653913	-156.441174	
463	MMB190206	Maluaka Beach	MMB	27	02/06/19	08:22	23.8	36.8	6.89	100.90	8.14	1.00	80.86	7.85	5.82	111.68	8.65	2.46	20.645598	-156.443859	
464	MON190206	Oneuli	MON	27	02/06/19	08:50	23.8	36.8	6.89	100.70	8.14	6.01	76.28	7.30	5.66	176.44	8.99	3.45	20.639866	-156.447406	
465	MAN190206	Ahihi North	MAN	27	02/06/19	09:13	24.0	36.8	6.88	100.90	8.11	0.80	78.85	8.05	5.62	119.49	5.08	3.00	20.618366	-156.437572	
466	MAS190206	Ahihi South	MAS	27	02/06/19	09:35	24.0	36.5	6.74	98.80	8.09	1.19	69.59	7.39	6.12	208.47	8.57	2.89	20.613800	-156.436853	
467	NHP190207	Haycraft Park	NHP	27	02/07/19	08:16	23.4	34.5	6.91	99.00	8.08	8.05	181.71	10.26	8.60	579.45	84.11	4.96	20.796414	-156.503198	
468	NKP190207	Kealia Pond	NKP	27	02/07/19	08:50	23.6	30.1	7.16	100.30	8.16	18.83	202.90	21.12	19.74	1158.77	26.33	6.31	20.794936	-156.485587	
469	NSB190207	Sugar Beach	NSB	27	02/07/19	09:09	23.9	35.6	6.89	100.20	8.15	3.81	202.11	9.96	8.88	759.64	107.50	3.48	20.784204	-156.466463	
470	NKC190207	Kihei Canoe Club	NKC	27	02/07/19	09:29	24.3	35.0	6.86	100.10	8.12	12.56	416.79	11.13	9.45	842.27	269.38	4.14	20.781403	-156.463176	
471	NMP190207	Mai Poina 'Oe Ia'u	NMP	27	02/07/19	09:50	24.3	34.6	6.86	99.90	8.13	5.28	188.96	10.58	9.94	1091.29	106.03	5.21	20.774894	-156.460776	
472	WKD190208	Kilohana Dr	WKD	27	02/08/19	08:00	23.3	36.9	6.87	99.40	8.15	0.71	76.04	8.09	4.88	81.79	5.57	1.98	20.702214	-156.445921	
473	WKB190208	Keawekapu Beach	WKB	27	02/08/19	08:25	23.5	36.9	6.92	100.60	8.16	0.82	77.29	8.55	4.29	82.69	5.00	4.95	20.695939	-156.444632	
474	WUL190208	Ulua Beach	WUL	27	02/08/19	08:46	24.0	36.8	6.92	101.30	8.15	0.64	73.69	7.80	4.33	89.42	8.09	4.10	20.691120	-156.444201	
475	WPL190208	Palauea	WPL	27	02/08/19	09:12	23.8	36.9	6.96	101.50	8.17	0.90	75.03	8.65	4.73	85.79	6.28	1.95	20.669565	-156.442907	
476	WPO190208	Poolenalena (Chang's Beach)	WPO	27	02/08/19	09:31	23.9	36.9	6.97	101.80	8.18	0.63	90.39	12.05	5.44	119.34	9.65	9.82	20.663390	-156.441968	
477	NKN190226	Kalepolepo North	NKN	28	02/26/19	08:00	24.1	33.5	6.08	87.50	8.11	0.65	135.69	9.94	6.73	684.91	51.01	2.57	20.765132	-156.459344	
478	KWP190226	Waipuilani Park	KWP	28	02/26/19	08:30	23.4	31.9	6.11	86.00	8.10	6.71	120.52	9.53	7.99	857.09	40.53	5.22	20.755056	-156.459602	
479	KKS190226	Kihei South (Lipoa)	KKS	28	02/26/19	08:55	24.1	33.0	6.35	91.10	8.19	4.64	110.65	6.66	5.18	577.07	35.39	4.73	20.747334	-156.457881	
480	KKP190226	Kalama Park	KKP	28	02/26/19	09:15	23.6	34.5	6.72	96.40	8.18	8.31	83.99	7.93	5.31	256.95	14.02	4.25	20.730973	-156.453720	
481	KCP190226	Cove Park	KCP	28	02/26/19	09:40	24.6	31.1	6.64	95.00	8.13	1.24	1,187.17	26.55	21.65	1779.46	749.38	15.63	20.727434	-156.450077	
482	MML190227	Makena Landing	MML	28	02/27/19	07:55	23.4	34.2	6.70	95.60	8.14	1.76	102.25	8.57	5.00	319.08	30.33	10.39	20.653913	-156.441174	
483	MMB190227	Maluaka Beach	MMB	28	02/27/19	08:28	23.0	34.5	7.06	100.50	8.17	0.61	102.13	9.84	6.15	262.72	23.62	0.98	20.645598	-156.443859	
484	MON190227	Oneuli	MON	28	02/27/19	08:42	22.9	34.6	7.21	100.10	8.17	0.72	83.59	8.76	4.58	215.65	10.63	2.12	20.639866	-156.447406	
485	MAN190227	Ahihi North	MAN	28	02/27/19	09:04	23.4	34.6	7.42	105.80	8.11	0.81	89.47	9.21	6.32	284.19	7.26	3.49	20.618366	-156.437572	
486	MAS190227	Ahihi South	MAS	28	02/27/19	09:25	23.4	34.3	6.98	99.60	8.11	0.78	88.45	10.74	8.39	582.25	18.03	1.62	20.613800	-156.436853	
487	NHP190228	Haycraft Park	NHP	28	02/28/19	08:10	22.0	33.3	6.43	88.90	8.06	2.04	221.53	7.90	6.04	672.93	142.62	3.33	20.796414	-156.503198	
488	NKP190228	Kealia Pond	NKP	28	02/28/19	08:40	22.7	35.0	7.05	99.30	8.20	0.48	78.64	9.06	4.66	57.73	2.85	1.36	20.794936	-156.485587	
489	NSB190228	Sugar Beach	NSB	28	02/28/19	09:00	22.6	34.7	6.98	98.10	8.19	1.92	67.94	7.30	4.64	138.06	10.19	2.47	20.784204	-156.466463	
490	NKC190228	Kihei Canoe Club	NKC	28	02/28/19	09:20	23.3	34.1	6.85	97.50	8.16	4.90	269.09	7.80	5.09	389.98	209.87	0.89	20.781403	-156.463176	
491	NMP190228	Mai Poina 'Oe Ia'u	NMP	28	02/28/19	09:40	23.6	33.1	6.83	97.30	8.15	2.65	239.00	10.00	8.73	1261.69	158.15	2.58	20.774894	-156.460776	
492	WKD190301	Kilohana Dr	WKD	28	03/01/19	07:50	22.1	34.7	7.18	100.20	8.17	0.78	66.07	9.18	5.60	160.16	11.68	0.59	20.702214	-156.445921	
493	WKB190301	Keawekapu Beach	WKB	28	03/01/19	08:11	22.3	34.8	7.06	99.00	8.16	0.67	55.05	5.95	3.79	156.18	4.54	2.45	20.695939	-156.444632	
494	WUL190301	Ulua Beach	WUL	28	03/01/19	08:37	23.0	33.9	6.89	97.20	8.14	0.80	199.08	7.35	5.62	334.50	129.56	1.97	20.691120	-156.444201	
495	WPL190301	Palauea	WPL	28	03/01/19	08:53	22.8	34.7	7.11	100.40	8.19	1.15	91.91	8.21	5.40	192.09	25.03	1.95	20.669565	-156.442907	
496	WPO190301	Poolenalena (Chang's Beach)	WPO	28	03/01/19	09:08	23.4	34.5	7.11	101.30	8.20	1.16	98.14	8.37	5.70	212.65	37.37	0.75	20.663390	-156.441968	
497	NKN190319	Kalepolepo North	NKN	29	03/19/19	08:05	22.9	32.9	6.58	92.20	8.11	1.61	318.68	14.19	12.17	1174.38	134.13	4.88	20.765132	-156.459344	
498	KWP190319	Waipuilani Park	KWP	29	03/19/19	08:30	22.8	33.7	6.53	91.70	8.07	7.06	114.21	11.50	7.56	495.76	14.21	4.03	20.755056	-156.459602	
499	KKS190319	Kihei South (Lipoa)	KKS	29	03/19/19	08:50	23.1	32.6	6.62	93.00	8.13	7.62	136.50	12.94	10.63	830.46	57.79	4.54	20.747334	-156.457881	
500	KKP190319	Kalama Park	KKP	29	03/19/19	09:13	23.3	34.4	7.35	104.50	8.17	3.83	125.81	10.85	6.86	271.29	27.60	3.40	20.730973	-156.453720	
501	KCP190319	Cove Park	KCP	29	03/19/19	09:31	23.6	32.5	7.25	102.60	8.13	4.65	540.84	27.21	25.04	1348.73	430.18	14.24	20.727434	-156.450077	
502	MML190320	Makena Landing	MML	29	03/20/19	08:00	24.2	34.7	6.78	98.20	8.14	2.45	136.65	11.04	7.18	400.30	44.50	2.52	20.653913	-156.441174	
503	MMB190320	Maluaka Beach	MMB	29	03/20/19	08:40	23.9	34.9	6.89	99.90	8.15	0.81	125.81	11.10	6.73	360.33	45.46	0.35	20.645598	-156.443859	
504	MON190320	Oneuli	MON	29	03/20/19	09:10	24.1	34.3	6.97	100.90	8.09	3.82	137.29	14.18	11.77	945.28	60.58	1.11	20.639866	-156.447406	
505	MAN190320	Ahihi North	MAN	29	03/20/19	09:31	24.0	34.6	7.10	102.70	8.08	2.08	107.40	12.16	8.54	519.33	16.27	2.39	20.618366	-156.437572	
506	MAS190320	Ahihi South	MAS	29	03/20/19	10:00	24.2	33.9	6.49	93.90	8.01	1.50	148.02	16.62	14.51	806.84	34.81	3.91	20.613800	-156.436853	
507	NHP190321	Haycraft Park	NHP	29	03/21/19	08:15	23.6	33.8	6.70	95.80	8.11	3.31	254.85	12.78	8.96	602.70	150.30	2.53	20.796414	-156.503198	
508	NKP190321	Kealia Pond	NKP	29	03/21/19	08:45	23.7	35.2	6.99	100.90	8.19	0.83	82.15	9.16	4.26	64.08	0.71	1.00	20.794936	-156.485587	
509	NSB190321	Sugar Beach	NSB	29	03/21/19	09:00	23.6	34.8	6.90	99.10	8.16	1.62	106.77	9.86	6.09	253.15	26.48	0.28	20.784204	-156.466463	NH4 below detectable limit
510	NKC190321	Kihei Canoe Club	NKC	29	03/21/19	09:20	24.6	33.5	6.88	99.90	8.08	5.38	616.16	13.86	10.19	916.72	505.69	0.37	20.781403	-156.463176	
511	NMP190321	Mai Poina 'Oe Ia'u	NMP	29	03/21/19	09:35	24.3	32.5	6.75	97.10	8.09	3.66	362.34	12.98	11.01	1800.47	265.18	4.05	20.774894	-156.460776	
512	WKD190322	Kilohana Dr	WKD	29	03/22/19	07:54	23.4	35.0	7.08	101.00	8.13	1.11	98.15	11.35	5.93	187.30	14.26	0.86	20.702214	-156.445921	
513	WKB190322	Keawekapu Beach	WKB	29	03/22/19	08:15	23.9	35.1	6.95	100.20	8.13	0.64	84.20	9.27	5.14	85.56	4.95	2.55	20.695939	-156.444632	
514	WUL190322	Ulua Beach	WUL	29	03/22/19	08:39	23.8	34.5	6.84	98.10	8.11	1.39	234.13	11.04	6.89	307.56	156.10	2.18	20.691120	-156.444201	
515	WPL190322	Palauea	WPL	29	03/22/19	09:01	24.3	34.9	6.97	100.90	8.16	0.66	112.54	9.33	4.36	178.91	34.65	1.73	20.669565	-156.442907	
516	WPO190322	Poolenalena (Chang's Beach)	WPO	29	03/22/19	09:19	24.3	35.1	6.99	101.20	8.16	0.89	109.78	11.26	5.87	189.72	30.56	0.28	20.663390	-156.441968	NH4 below detectable limit
517	NKN190409	Kalepolepo North	NKN	30	04/09/19	07:56	24.7	33.9	6.72	97.60	8.13	1.50	173.95	14.65	9.26	782.02	58.88	5.90	20.765132	-156.459344	
518	KWP190409	Waipuilani Park	KWP	30	04/09/19	08:24	24.2	32.3	6.45	92.20	8.05	12.40	122.84	14.16	12.05	1127.14	23.11	3.54	20.755056	-156.459602	
519	KKS190409	Kihei South (Lipoa)	KKS	30	04/09/19	08:40	26.3	32.3	6.23	90.80	8.10	6.62	184.13	12.47	10.44	1324.40	104.06	2.29	20.747334	-156.457881	
520	KKP190409	Kalama Park	KKP	30	04/09/19	09:01	25.3	34.8	6.74	99.50	8.15	7.28	116.47	11.71	6.33	317.59	21.58	2.29	20.730973	-156.453720	
521	KCP190409	Cove Park	KCP	30	04/09/19	09:20	25.7	31.3	7.09	103.20	8.14	3.02	1,188.46	51.55	46.97	3446.91	1057.92	7.64	20.727434	-156.450077	
522	MML190410	Makena Landing	MML	30	04/10/19	07:58	24.8	34.8	6.81	99.70	8.12	2.23	117.59	11.98	6.20	298.24	23.03	4.37	20.653913	-156.441174	
523	MMB190410	Maluaka Beach	MMB	30	04/10/19	08:23	25.2	35.0	6.71	99.20	8.15	0.61	84.87	8.85	4.62	170.91	10.24	1.05	20.645598	-156.443859	
524	MON190410	Oneuli	MON	30	04/10/19	08:42	25.3	35.0	6.67	98.50	8.11	1.16	105.92	12.33	6.60	299.39	16.87	1.87	20.639866	-156.447406	
525	MAN190410	Ahihi North	MAN	30	04/10/19	09:01	25.4	34.9	7.42	109.80	8.11	1.09	77.38	8.47	5.14	208.49	5.92	1.69	20.618366	-156.437572	
526	MAS190410	Ahihi South	MAS	30	04/10/19	09:24	25.5	33.8	6.81	100.40	8.03	0.87	95.82	11.68	6.80	328.37	13.93	2.61	20.613800	-156.436853	
527	NHP190411	Haycraft Park	NHP	30	04/11/19	08:30	24.4	34.2	6.83	99.20	8.12	2.92	195.91	10.03	6.67	519.10	110.11	1.85	20.796414	-156.503198	
528	NKP190411	Kealia Pond	NKP	30	04/11/19	08:52	24.8	35.4	6.91	101.40	8.18	1.02	93.62	9.80	4.09	96.76	4.57	0.62	20.794936	-156.485587	
529	NSB190411	Sugar Beach	NSB	30	04/11/19	09:18	25.2	34.9	6.88	101.50	8.15	3.38	156.60	11.84	7.16	396.74	75.60	1.29	20.784204	-156.466463	
530	NKC190411	Kihei Canoe Club	NKC	30	04/11/19	09:40	26.1	34.4	6.76	101.20	8.12	1.38	318.04	11.91	7.86	617.36	230.72	1.35	20.781403	-156.463176	
531	NMP190411	Mai Poina 'Oe Ia'u	NMP	30	04/11/19	09:55	25.9	32.8	6.81	100.80	8.11	2.53	314.30	12.92	10.83	1779.41	225.51	5.27	20.774894	-156.460776	
532	WKD190412	Kilohana Dr	WKD	30	04/12/19	08:03	25.1	35.0	6.75	99.50	8.15	0.63	123.25	11.22	6.26	188.60	24.59	1.47	20.702214	-156.445921	
533	WKB190412	Keawekapu Beach	WKB	30	04/12/19	08:26	25.3	34.8	6.87	101.30	8.12	1.16	118.53	11.27	6.64	293.91	41.94	1.95	20.695939	-156.444632	
534	WUL190412	Ulua Beach	WUL	30	04/12/19	08:50	25.4	34.5	6.58	97.30	8.11	1.29	246.59	11.90	5.90	337.52	148.59	5.84	20.691120	-156.444201	
535	WPL190412	Palauea	WPL	30	04/12/19	09:15	25.9	34.8	6.85	102.40	8.18	0.92	104.33	10.38	4.36	176.95	29.47	1.77	20.669565	-156.442907	
536	WPO190412	Poolenalena (Chang's Beach)	WPO	30	04/12/19	09:32	25.9	34.9	6.87	102.80	8.19	1.26	109.82	12.01	6.29	235.38	43.31	0.40	20.663390	-156.441968	
537	NKN190430	Kalepolepo North	NKN	31	04/30/19	08:00	24.9	30.1	6.70	95.60	8.11	5.96	361.89	13.21	12.92	2440.05	254.48	2.07	20.765132	-156.459344	
538	KWP190430	Waipuilani Park	KWP	31	04/30/19	08:24	24.2	30.3	6.16	87.00	8.04	10.10	157.93	9.99	7.08	1657.07	62.84	0.84	20.755056	-156.459602	
539	KKS190430	Kihei South (Lipoa)	KKS	31	04/30/19	08:47	25.5	32.9	6.20	90.90	8.10	4.21	123.50	7.28	3.91	873.21	36.13	1.05	20.747334	-156.457881	
540	KKP190430	Kalama Park	KKP	31	04/30/19	09:10	25.8	34.2	6.87	102.00	8.13	11.60	148.11	9.78	6.23	453.40	49.21	1.48	20.730973	-156.453720	
541	KCP190430	Cove Park	KCP	31	04/30/19	09:35	26.0	31.5	7.12	104.60	8.12	9.16	734.81	28.87	27.30	2290.06	461.02	4.70	20.727434	-156.450077	
542	MML190501	Makena Landing	MML	31	05/01/19	07:53	24.9	33.8	6.67	97.10	8.12	1.04	172.20	11.82	7.09	476.13	69.00	4.52	20.653913	-156.441174	
543	MMB190501	Maluaka Beach	MMB	31	05/01/19	08:15	25.2	34.0	6.76	95.50	8.11	1.46	211.63	11.29	8.25	437.01	113.26	1.83	20.645598	-156.443859	
544	MON190501	Oneuli	MON	31	05/01/19	08:44	25.0	34.1	6.79	99.80	8.08	2.18	174.60	12.39	10.76	970.00	82.96	2.67	20.639866	-156.447406	
545	MAN190501	Ahihi North	MAN	31	05/01/19	09:04	25.2	34.8	7.36	108.90	8.10	1.54	98.92	9.59	6.16	316.48	9.56	2.15	20.618366	-156.437572	
546	MAS190501	Ahihi South	MAS	31	05/01/19	09:44	26.2	33.9	6.73	100.60	8.04	1.40	98.36	10.62	7.65	326.98	12.35	9.05	20.613800	-156.436853	
547	NHP190502	Haycraft Park	NHP	31	05/02/19	08:20	24.9	34.4	6.96	102.00	8.09	3.36	163.12	10.83	6.29	384.77	61.82	3.83	20.796414	-156.503198	
548	NKP190502	Kealia Pond	NKP	31	05/02/19	08:52	25.0	35.1	6.78	100.00	8.15	0.94	93.18	10.68	5.80	65.59	3.54	2.48	20.794936	-156.485587	
549	NSB190502	Sugar Beach	NSB	31	05/02/19	09:20	25.6	34.6	6.75	100.50	8.12	5.12	133.03	13.23	8.22	412.73	37.04	2.78	20.784204	-156.466463	
550	NKC190502	Kihei Canoe Club	NKC	31	05/02/19	09:40	25.9	34.0	6.73	100.30	8.09	11.03	423.76	11.43	8.23	849.97	305.65	8.54	20.781403	-156.463176	
551	NMP190502	Mai Poina 'Oe Ia'u	NMP	31	05/02/19	10:01	25.6	32.2	6.59	96.90	8.07	6.00	385.36	12.09	11.81	2208.20	267.26	5.96	20.774894	-156.460776	
552	WKD190503	Kilohana Dr	WKD	31	05/03/19	08:09	25.4	34.4	6.80	100.70	8.12	1.38	117.81	11.72	6.71	389.55	38.22	1.91	20.702214	-156.445921	
553	WKB190503	Keawekapu Beach	WKB	31	05/03/19	08:32	25.8	35.0	6.73	100.90	8.14	0.48	106.13	9.99	4.63	192.21	14.06	4.32	20.695939	-156.444632	
554	WUL190503	Ulua Beach	WUL	31	05/03/19	08:57	26.3	34.3	6.68	100.80	8.10	1.47	315.39	11.14	7.69	532.01	168.64	5.89	20.691120	-156.444201	
555	WPL190503	Palauea	WPL	31	05/03/19	09:28	26.6	34.4	6.87	104.40	8.17	1.51	205.39	9.64	5.67	441.47	104.62	8.22	20.669565	-156.442907	
556	WPO190503	Poolenalena (Chang's Beach)	WPO	31	05/03/19	09:48	26.4	34.6	6.78	102.40	8.17	0.84	146.56	11.56	7.02	334.12	57.84	2.02	20.663390	-156.441968	
557	NKN190521	Kalepolepo North	NKN	32	05/21/19	08:05	26.7	32.6	5.71	85.40	8.05	3.25							20.765132	-156.459344	nutrient data pending
558	KWP190521	Waipuilani Park	KWP	32	05/21/19	08:40	26.8	33.1	6.05	91.10	8.01	11.30							20.755056	-156.459602	nutrient data pending
559	KKS190521	Kihei South (Lipoa)	KKS	32	05/21/19	08:55	27.5	31.3	6.20	93.40	8.07	5.59							20.747334	-156.457881	nutrient data pending
560	KKP190521	Kalama Park	KKP	32	05/21/19	09:15	27.5	34.2	7.01	107.20	8.17	5.94							20.730973	-156.453720	nutrient data pending
561	KCP190521	Cove Park	KCP	32	05/21/19	09:35	28.0	31.0	6.94	105.30	8.13	5.00							20.727434	-156.450077	nutrient data pending
562	MML190522	Makena Landing	MML	32	05/22/19	07:50	26.6	25.1	6.96	100.00	8.12	5.63							20.653913	-156.441174	nutrient data pending
563	MMB190522	Maluaka Beach	MMB	32	05/22/19	08:25	27.2	33.7	6.59	100.10	8.10	2.63							20.645598	-156.443859	nutrient data pending
564	MON190522	Oneuli	MON	32	05/22/19	08:45	27.3	34.2	6.73	102.40	8.10	3.91							20.639866	-156.447406	nutrient data pending
565	MAN190522	Ahihi North	MAN	32	05/22/19	09:00	26.7	34.7	7.08	107.00	8.07	2.17							20.618366	-156.437572	nutrient data pending
566	NHP190523	Haycraft Park	NHP	32	05/23/19	08:20	26.9	34.6	6.71	102.00	8.14	5.10							20.796414	-156.503198	nutrient data pending
567	NKP190523	Kealia Pond	NKP	32	05/23/19	08:50	27.2	35.0	6.58	100.70	8.15	1.74							20.794936	-156.485587	nutrient data pending
568	NSB190523	Sugar Beach	NSB	32	05/23/19	09:15	27.4	34.5	6.62	101.40	8.12	5.03							20.784204	-156.466463	nutrient data pending
569	NKC190523	Kihei Canoe Club	NKC	32	05/23/19	09:40	28.1	34.4	6.58	102.20	8.11	7.26							20.781403	-156.463176	nutrient data pending
570	NMP190523	Mai Poina 'Oe Ia'u	NMP	32	05/23/19	09:58	27.7	34.1	6.68	103.00	8.15	2.01							20.774894	-156.460776	nutrient data pending
571	WKD190524	Kilohana Dr	WKD	32	05/24/19	08:01	26.9	34.3	6.70	101.40	8.10	1.77							20.702214	-156.445921	nutrient data pending
572	WKB190524	Keawekapu Beach	WKB	32	05/24/19	08:20	27.1	34.8	6.66	101.50	8.14	0.74							20.695939	-156.444632	nutrient data pending
573	WUL190524	Ulua Beach	WUL	32	05/24/19	08:40	27.1	34.4	6.66	101.30	8.11	1.36							20.691120	-156.444201	nutrient data pending
574	WPL190524	Palauea	WPL	32	05/24/19	09:00	27.3	34.5	6.67	101.80	8.17	2.34							20.669565	-156.442907	nutrient data pending
575	WPO190524	Poolenalena (Chang's Beach)	WPO	32	05/24/19	09:15	27.6	34.7	6.61	101.80	8.17	0.67							20.663390	-156.441968	nutrient data pending
576	NKN190611	Kalepolepo North	NKN	33	06/11/19	07:55	26.5	32.8	5.76	85.80	8.09	2.74							20.765132	-156.459344	nutrient data pending
577	KWP190611	Waipuilani Park	KWP	33	06/11/19	08:22	25.6	30.3	5.26	76.30	8.00	4.88							20.755056	-156.459602	nutrient data pending
578	KKS190611	Kihei South (Lipoa)	KKS	33	06/11/19	08:40	26.7	31.9	6.28	93.60	8.10	3.89							20.747334	-156.457881	nutrient data pending
579	KKP190611	Kalama Park	KKP	33	06/11/19	09:00	27.4	33.8	6.56	100.00	8.13	10.99							20.730973	-156.453720	nutrient data pending
580	KCP190611	Cove Park	KCP	33	06/11/19	09:19	27.7	31.1	6.70	101.10	8.12	3.63							20.727434	-156.450077	nutrient data pending
581	MML190612	Makena Landing	MML	33	06/12/19	08:02	26.6	34.0	6.38	96.00	8.14	1.08							20.653913	-156.441174	nutrient data pending
582	MMB190612	Maluaka Beach	MMB	33	06/12/19	08:33	27.3	33.9	6.29	95.80	8.11	0.59							20.645598	-156.443859	nutrient data pending
583	MON190612	Oneuli	MON	33	06/12/19	09:00	27.2	34.5	6.05	92.30	8.06	0.79							20.639866	-156.447406	nutrient data pending
584	MAN190612	Ahihi North	MAN	33	06/12/19	09:26	27.1	34.6	7.45	113.30	8.13	1.22							20.618366	-156.437572	nutrient data pending
585	MAS190612	Ahihi South	MAS	33	06/12/19	09:51	27.3	35.0	6.27	96.10	8.11	0.55							20.613800	-156.436853	nutrient data pending
586	NHP190613	Haycraft Park	NHP	33	06/13/19	08:15	26.2	33.9	6.71	100.20	8.09	4.22							20.796414	-156.503198	nutrient data pending
587	NKP190613	Kealia Pond	NKP	33	06/13/19	08:45	26.6	35.1	6.56	99.30	8.17	1.07							20.794936	-156.485587	nutrient data pending
588	NSB190613	Sugar Beach	NSB	33	06/13/19	09:06	26.8	34.9	6.16	100.70	8.13	2.28							20.784204	-156.466463	nutrient data pending
589	NKC190613	Kihei Canoe Club	NKC	33	06/13/19	09:25	27.0	34.2	6.53	99.50	8.12	2.92							20.781403	-156.463176	nutrient data pending
590	NMP190613	Mai Poina 'Oe Ia'u	NMP	33	06/13/19	09:40	27.5	32.1	6.40	97.00	8.02	4.87							20.774894	-156.460776	nutrient data pending
591	WKD190614	Kilohana Dr	WKD	33	06/14/19	07:55	26.5	34.5	6.62	99.80	8.11	1.64							20.702214	-156.445921	nutrient data pending
592	WKB190614	Keawekapu Beach	WKB	33	06/14/19	08:20	27.1	34.9	6.58	100.30	8.14	1.35							20.695939	-156.444632	nutrient data pending
593	WUL190614	Ulua Beach	WUL	33	06/14/19	08:42	26.9	34.4	6.61	100.40	8.12	2.44							20.691120	-156.444201	nutrient data pending
594	WPL190614	Palauea	WPL	33	06/14/19	09:06	27.6	34.5	6.59	101.20	8.14	3.70							20.669565	-156.442907	nutrient data pending
595	WPO190614	Poolenalena (Chang's Beach)	WPO	33	06/14/19	09:25	27.5	34.8	6.58	101.20	8.18	1.18							20.663390	-156.441968	nutrient data pending
596	NKN190702	Kalepolepo North	NKN	34	07/02/19	08:02	27.3	32.4	6.18	93.50	#N/A	8.48							20.765132	-156.459344	pH QA'ed out, nutrient data pending
597	KWP190702	Waipuilani Park	KWP	34	07/02/19	08:20	27.4	34.0	5.87	89.70	#N/A	9.91							20.755056	-156.459602	pH QA'ed out, nutrient data pending
598	KKS190702	Kihei South (Lipoa)	KKS	34	07/02/19	08:36	27.8	33.1	6.21	95.00	#N/A	7.64							20.747334	-156.457881	pH QA'ed out, nutrient data pending
599	KKP190702	Kalama Park	KKP	34	07/02/19	08:55	28.0	35.0	6.69	103.90	#N/A	11.03							20.730973	-156.453720	pH QA'ed out, nutrient data pending
600	KCP190702	Cove Park	KCP	34	07/02/19	09:10	28.2	33.4	7.00	108.10	#N/A	5.56							20.727434	-156.450077	pH QA'ed out, nutrient data pending
601	MML190703	Makena Landing	MML	34	07/03/19	08:05	27.4	34.7	6.59	101.10	#N/A	3.25							20.653913	-156.441174	pH QA'ed out, nutrient data pending
602	MMB190703	Maluaka Beach	MMB	34	07/03/19	08:27	27.5	33.6	6.58	100.60	#N/A	1.89							20.645598	-156.443859	pH QA'ed out, nutrient data pending
603	NHP190703	Haycraft Park	NHP	34	07/03/19	08:39	27.6	34.4	6.55	100.70	#N/A	5.87							20.796414	-156.503198	pH QA'ed out, nutrient data pending
604	MON190703	Oneuli	MON	34	07/03/19	08:45	28.0	34.3	6.64	102.60	#N/A	2.55							20.639866	-156.447406	pH QA'ed out, nutrient data pending
605	MAN190703	Ahihi North	MAN	34	07/03/19	09:05	27.5	35.2	6.90	106.30	#N/A	2.48							20.618366	-156.437572	pH QA'ed out, nutrient data pending
606	NKP190703	Kealia Pond	NKP	34	07/03/19	09:19	27.8	35.1	6.45	100.00	#N/A	2.43							20.794936	-156.485587	pH QA'ed out, nutrient data pending
607	MAS190703	Ahihi South	MAS	34	07/03/19	09:25	27.5	35.1	6.63	102.20	#N/A	3.45							20.613800	-156.436853	pH QA'ed out, nutrient data pending
608	NSB190703	Sugar Beach	NSB	34	07/03/19	09:46	28.3	34.9	6.43	100.60	#N/A	3.00							20.784204	-156.466463	pH QA'ed out, nutrient data pending
609	NKC190703	Kihei Canoe Club	NKC	34	07/03/19	10:08	28.4	34.3	6.48	101.10	#N/A	11.17							20.781403	-156.463176	pH QA'ed out, nutrient data pending
610	NMP190703	Mai Poina 'Oe Ia'u	NMP	34	07/03/19	10:29	29.0	34.2	6.38	100.40	#N/A	2.19							20.774894	-156.460776	pH QA'ed out, nutrient data pending
611	WKD190705	Kilohana Dr	WKD	34	07/05/19	07:54	27.7	35.1	6.59	101.90	#N/A	1.37							20.702214	-156.445921	pH QA'ed out, nutrient data pending
612	WKB190705	Keawekapu Beach	WKB	34	07/05/19	08:20	28.0	35.4	6.54	101.80	#N/A	1.08							20.695939	-156.444632	pH QA'ed out, nutrient data pending
613	WUL190705	Ulua Beach	WUL	34	07/05/19	08:42	28.1	35.2	6.63	103.70	#N/A	1.10							20.691120	-156.444201	pH QA'ed out, nutrient data pending
614	WPL190705	Palauea	WPL	34	07/05/19	09:05	28.1	35.0	6.57	102.20	#N/A	3.09							20.669565	-156.442907	pH QA'ed out, nutrient data pending
615	WPO190705	Poolenalena (Chang's Beach)	WPO	34	07/05/19	09:25	28.5	35.1	6.54	103.60	#N/A	0.79							20.663390	-156.441968	pH QA'ed out, nutrient data pending
